first_name,points_per_game,second_name,selected_by_percent,team,total_points,value_season,web_name,minutes,goals_scored,assists,clean_sheets,goals_conceded,saves,bonus,bps,influence,creativity,threat,ict_index,influence_rank,creativity_rank,threat_rank,ict_index_rank,position,price,G+A,price_range,ownership
Bernd,3.7,Leno,2.3,ARS,131,26.2,Leno,3131,0,0,11,37,86,11,625,702.2,0.0,2.0,70.3,42,436,327,198,Goalkeeper,5.0,0,Mid,Differential
Rúnar Alex,1.0,Rúnarsson,1.2,ARS,1,0.2,Rúnarsson,15,0,0,0,0,2,0,8,16.6,0.0,0.0,1.7,351,347,340,357,Goalkeeper,4.0,0,Budget,Differential
Jed,0.0,Steer,1.0,AVL,0,0.0,Steer,0,0,0,0,0,0,0,0,0.0,0.0,0.0,0.0,368,344,337,368,Goalkeeper,4.0,0,Budget,Differential
Emiliano,4.9,Martínez,38.8,AVL,186,33.8,Martínez,3420,0,0,15,46,142,27,825,1067.2,20.0,0.0,108.5,3,303,462,110,Goalkeeper,5.5,0,Mid,High
David,0.0,Raya Martin,1.8,BRE,0,0.0,Raya,0,0,0,0,0,0,0,0,0.0,0.0,0.0,0.0,399,386,380,399,Goalkeeper,4.5,0,Budget,Differential
Ellery,0.0,Balcombe,0.1,BRE,0,0.0,Balcombe,0,0,0,0,0,0,0,0,0.0,0.0,0.0,0.0,376,353,347,376,Goalkeeper,4.0,0,Budget,Differential
Patrik,0.0,Gunnarsson,1.4,BRE,0,0.0,Gunnarsson,0,0,0,0,0,0,0,0,0.0,0.0,0.0,0.0,377,354,348,377,Goalkeeper,4.0,0,Budget,Differential
Jason,0.0,Steele,1.8,BHA,0,0.0,Steele,0,0,0,0,0,0,0,0,0.0,0.0,0.0,0.0,366,341,334,366,Goalkeeper,4.0,0,Budget,Differential
Mathew,2.6,Ryan,0.1,BHA,37,8.2,Ryan,1260,0,0,3,21,24,0,216,193.6,10.7,2.0,20.6,250,316,325,311,Goalkeeper,4.5,0,Budget,Differential
Robert,3.7,Sánchez,22.8,BHA,101,22.4,Sánchez,2430,0,0,10,27,66,8,514,542.2,10.0,4.0,55.8,94,319,322,225,Goalkeeper,4.5,0,Budget,High
Kjell,0.0,Scherpen,0.2,BHA,0,0.0,Scherpen,0,0,0,0,0,0,0,0,0.0,0.0,0.0,0.0,425,415,411,425,Goalkeeper,4.5,0,Budget,Differential
Nick,4.5,Pope,5.2,BUR,144,26.2,Pope,2880,0,0,11,37,114,20,652,846.6,20.0,2.0,86.8,12,302,328,159,Goalkeeper,5.5,0,Mid,Differential
Will,1.5,Norris,0.2,BUR,3,0.7,Norris,180,0,0,0,4,2,0,20,15.2,10.0,0.0,2.6,354,318,384,352,Goalkeeper,4.5,0,Budget,Differential
Bailey,0.8,Peacock-Farrell,0.1,BUR,3,0.7,Peacock-Farrell,360,0,0,0,14,10,0,49,82.6,0.0,0.0,8.2,316,404,400,336,Goalkeeper,4.5,0,Budget,Differential
Wayne,0.0,Hennessey,0.3,BUR,0,0.0,Hennessey,0,0,0,0,0,0,0,0,0.0,0.0,0.0,0.0,383,361,355,383,Goalkeeper,4.5,0,Budget,Differential
Kepa,3.7,Arrizabalaga,0.3,CHE,26,5.2,Arrizabalaga,585,0,0,2,8,16,5,117,113.6,0.0,0.0,11.3,296,442,437,329,Goalkeeper,5.0,0,Mid,Differential
Edouard,4.5,Mendy,8.9,CHE,140,23.3,Mendy,2745,0,0,16,25,57,8,613,470.2,0.0,0.0,47.2,139,484,484,249,Goalkeeper,6.0,0,Premium,Differential
Vicente,3.4,Guaita,5.9,CRY,124,27.6,Guaita,3330,0,0,8,64,107,15,639,819.4,0.0,0.0,82.2,15,367,361,169,Goalkeeper,4.5,0,Budget,Differential
Jack,2.0,Butland,0.5,CRY,2,0.4,Butland,90,0,0,0,2,3,0,14,16.6,0.0,0.0,1.7,352,379,373,358,Goalkeeper,4.5,0,Budget,Differential
Jordan,3.7,Pickford,7.6,EVE,114,22.8,Pickford,2742,0,0,10,39,89,8,570,698.4,10.1,0.0,70.9,44,317,438,197,Goalkeeper,5.0,0,Mid,Differential
João,2.0,Virgínia,2.4,EVE,2,0.5,Virgínia,47,0,0,0,0,3,0,10,25.0,0.0,0.0,2.5,347,352,346,353,Goalkeeper,4.0,0,Budget,Differential
Asmir,0.0,Begović,1.8,EVE,0,0.0,Begović,0,0,0,0,0,0,0,0,0.0,0.0,0.0,0.0,364,339,332,364,Goalkeeper,4.0,0,Budget,Differential
Kasper,3.4,Schmeichel,15.1,LEI,128,25.6,Schmeichel,3420,0,0,11,50,88,6,631,769.0,0.0,0.0,76.9,27,427,423,183,Goalkeeper,5.0,0,Mid,High
Danny,0.0,Ward,3.8,LEI,0,0.0,Ward,0,0,0,0,0,0,0,0,0.0,0.0,0.0,0.0,369,345,338,369,Goalkeeper,4.0,0,Budget,Differential
Francisco,4.7,Casilla Cortés,0.0,LEE,14,3.1,Casilla,270,0,0,1,2,8,2,58,68.0,0.0,0.0,6.8,326,365,359,340,Goalkeeper,4.5,0,Budget,Differential
Illan,4.4,Meslier,5.0,LEE,154,30.8,Meslier,3150,0,0,11,52,140,20,774,1026.0,10.0,0.0,103.7,6,320,455,121,Goalkeeper,5.0,0,Mid,Differential
Kristoffer,0.0,Klaesson,0.1,LEE,0,0.0,Klaesson,0,0,0,0,0,0,0,0,0.0,0.0,0.0,0.0,415,405,401,415,Goalkeeper,4.5,0,Budget,Differential
Adrián,3.7,San Miguel del Castillo,0.3,LIV,11,2.4,Adrián,270,0,0,1,9,10,2,60,59.6,0.0,0.0,5.9,329,372,366,345,Goalkeeper,4.5,0,Budget,Differential
Alisson,4.2,Ramses Becker,5.6,LIV,140,23.3,Alisson,2970,1,0,10,32,84,13,660,776.4,0.1,17.0,79.4,24,336,309,175,Goalkeeper,6.0,1,Premium,Differential
Caoimhin,5.0,Kelleher,0.2,LIV,10,2.2,Kelleher,180,0,0,1,1,6,0,41,57.8,0.0,0.0,5.8,330,398,394,346,Goalkeeper,4.5,0,Budget,Differential
Ederson,4.4,Santana de Moraes,10.2,MCI,160,26.7,Ederson,3240,0,1,19,28,66,3,696,586.0,10.0,0.0,59.6,73,321,482,222,Goalkeeper,6.0,1,Premium,Differential
Zack,2.0,Steffen,0.3,MCI,2,0.4,Steffen,90,0,0,0,1,1,0,8,9.6,0.0,0.0,1.0,356,389,383,359,Goalkeeper,4.5,0,Budget,Differential
David,3.5,de Gea,2.2,MUN,91,18.2,de Gea,2295,0,0,9,32,59,4,416,464.2,0.0,0.0,46.4,142,433,429,251,Goalkeeper,5.0,0,Mid,Differential
Dean,3.4,Henderson,2.8,MUN,44,8.8,Henderson,1125,0,0,4,12,40,1,218,275.4,0.0,0.0,27.5,213,445,442,299,Goalkeeper,5.0,0,Mid,Differential
Karl,3.2,Darlow,1.4,NEW,80,17.8,Darlow,2250,0,0,4,43,88,6,450,682.4,0.0,0.0,68.3,52,371,365,204,Goalkeeper,4.5,0,Budget,Differential
Martin,3.7,Dubravka,0.5,NEW,48,10.7,Dubravka,1170,0,0,3,19,45,6,255,346.8,0.0,0.0,34.6,190,374,368,285,Goalkeeper,4.5,0,Budget,Differential
Michael,0.0,McGovern,0.7,NOR,0,0.0,McGovern,0,0,0,0,0,0,0,0,0.0,0.0,0.0,0.0,363,338,331,363,Goalkeeper,4.0,0,Budget,Differential
Tim,0.0,Krul,1.7,NOR,0,0.0,Krul,0,0,0,0,0,0,0,0,0.0,0.0,0.0,0.0,384,362,356,384,Goalkeeper,4.5,0,Budget,Differential
Angus,0.0,Gunn,1.5,NOR,0,0.0,Gunn,0,0,0,0,0,0,0,0,0.0,0.0,0.0,0.0,370,346,339,370,Goalkeeper,4.0,0,Budget,Differential
Fraser,3.8,Forster,1.1,SOU,30,6.7,Forster,720,0,0,2,11,20,0,147,191.0,0.0,0.0,19.1,252,366,360,313,Goalkeeper,4.5,0,Budget,Differential
Alex,3.1,McCarthy,1.9,SOU,94,20.9,McCarthy,2700,0,0,7,57,93,8,527,741.2,0.0,0.0,74.0,36,370,364,190,Goalkeeper,4.5,0,Budget,Differential
Joe,0.0,Hart,0.2,TOT,0,0.0,Hart,0,0,0,0,0,0,0,0,0.0,0.0,0.0,0.0,382,359,353,382,Goalkeeper,4.5,0,Budget,Differential
Hugo,3.9,Lloris,4.1,TOT,149,27.1,Lloris,3420,0,0,12,45,114,13,702,868.0,0.0,0.0,86.7,10,461,459,160,Goalkeeper,5.5,0,Mid,Differential
Pierluigi,0.0,Gollini,0.3,TOT,0,0.0,Gollini,0,0,0,0,0,0,0,0,0.0,0.0,0.0,0.0,401,388,382,401,Goalkeeper,4.5,0,Budget,Differential
Ben,0.0,Foster,27.4,WAT,0,0.0,Foster,0,0,0,0,0,0,0,0,0.0,0.0,0.0,0.0,362,337,330,362,Goalkeeper,4.0,0,Budget,High
Daniel,0.0,Bachmann,3.0,WAT,0,0.0,Bachmann,0,0,0,0,0,0,0,0,0.0,0.0,0.0,0.0,398,385,379,398,Goalkeeper,4.5,0,Budget,Differential
Darren,3.3,Randolph,0.2,WHU,10,2.2,Randolph,270,0,0,1,3,6,0,46,46.2,0.0,0.0,4.7,335,363,357,348,Goalkeeper,4.5,0,Budget,Differential
Lukasz,3.8,Fabianski,2.5,WHU,133,26.6,Fabianski,3150,0,0,10,44,102,11,634,745.2,0.0,0.0,74.4,35,429,425,189,Goalkeeper,5.0,0,Mid,Differential
Alphonse,3.4,Areola,1.2,WHU,124,24.8,Areola,3240,0,0,9,48,116,9,637,876.2,0.0,0.0,87.4,9,437,432,156,Goalkeeper,5.0,0,Mid,Differential
Rui Pedro,3.6,dos Santos Patrício,0.2,WOL,132,26.4,Patrício,3330,0,0,10,51,100,12,626,763.6,0.0,0.0,76.1,28,430,426,184,Goalkeeper,5.0,0,Mid,Differential
Andreas,0.0,Söndergaard,1.2,WOL,0,0.0,Söndergaard,0,0,0,0,0,0,0,0,0.0,0.0,0.0,0.0,379,356,350,379,Goalkeeper,4.0,0,Budget,Differential
John,2.0,Ruddy,0.3,WOL,4,0.9,Ruddy,91,0,0,0,1,3,0,19,25.4,0.0,0.0,2.5,346,360,354,354,Goalkeeper,4.5,0,Budget,Differential
José,0.0,Malheiro de Sá,0.5,WOL,0,0.0,Sá,0,0,0,0,0,0,0,0,0.0,0.0,0.0,0.0,447,444,440,447,Goalkeeper,5.0,0,Mid,Differential
Cédric,2.8,Soares,0.3,ARS,28,6.2,Cédric,744,0,1,2,11,0,3,125,110.8,114.8,66.0,29.2,298,209,265,295,Defender,4.5,1,Budget,Differential
Pablo,3.4,Marí,0.2,ARS,34,7.6,Marí,900,0,0,4,8,0,1,182,163.2,26.4,16.0,20.6,273,298,310,310,Defender,4.5,0,Budget,Differential
Héctor,3.8,Bellerín,0.9,ARS,94,18.8,Bellerín,2089,1,3,7,24,0,17,421,362.8,351.8,232.0,94.7,181,96,145,139,Defender,5.0,4,Mid,Differential
Calum,3.6,Chambers,0.6,ARS,36,8.0,Chambers,751,0,3,2,10,0,3,168,171.8,169.4,77.0,41.9,266,174,260,264,Defender,4.5,3,Budget,Differential
Sead,0.0,Kolasinac,0.2,ARS,0,0.0,Kolasinac,0,0,0,0,0,0,0,0,0.0,0.0,0.0,0.0,394,381,375,394,Defender,4.5,0,Budget,Differential
Rob,3.5,Holding,3.0,ARS,105,23.3,Holding,2557,0,1,11,26,0,10,536,602.6,76.1,97.0,77.7,63,259,234,181,Defender,4.5,1,Budget,Differential
Kieran,3.6,Tierney,8.5,ARS,96,19.2,Tierney,2299,1,4,8,27,0,4,483,446.4,490.1,201.0,113.9,149,56,158,105,Defender,5.0,5,Mid,Differential
Gabriel,3.4,Magalhães,0.3,ARS,78,15.6,Gabriel,1996,2,0,6,24,0,7,385,464.8,51.0,233.0,74.9,140,276,143,187,Defender,5.0,2,Mid,Differential
Konstantinos,0.0,Mavropanos,0.0,ARS,0,0.0,Mavropanos,0,0,0,0,0,0,0,0,0.0,0.0,0.0,0.0,423,413,409,423,Defender,4.5,0,Budget,Differential
William,0.0,Saliba,0.0,ARS,0,0.0,Saliba,0,0,0,0,0,0,0,0,0.0,0.0,0.0,0.0,433,423,419,433,Defender,4.5,0,Budget,Differential
Ben,2.9,White,24.4,ARS,104,23.1,White,3192,0,0,12,44,0,5,571,488.6,152.5,153.0,79.7,129,184,192,173,Defender,4.5,0,Budget,High
Nuno,0.0,Varela Tavares,0.5,ARS,0,0.0,Tavares,0,0,0,0,0,0,0,0,0.0,0.0,0.0,0.0,432,422,418,432,Defender,4.5,0,Budget,Differential
Björn,0.0,Engels,0.0,AVL,0,0.0,Engels,0,0,0,0,0,0,0,0,0.0,0.0,0.0,0.0,393,380,374,393,Defender,4.5,0,Budget,Differential
Kortney,4.6,Hause,0.2,AVL,32,7.1,Hause,630,1,0,3,6,0,3,124,147.0,2.2,57.0,20.7,283,332,277,309,Defender,4.5,1,Budget,Differential
Tyrone,3.6,Mings,8.2,AVL,128,25.6,Mings,3194,2,2,14,42,0,8,633,798.4,97.3,293.0,119.3,20,230,121,93,Defender,5.0,4,Mid,Differential
Matt,3.6,Targett,9.8,AVL,138,27.6,Targett,3404,0,4,16,44,0,9,710,690.4,607.0,122.0,142.2,51,39,211,76,Defender,5.0,4,Mid,Differential
Matthew,3.2,Cash,2.0,AVL,89,17.8,Cash,2373,0,2,11,35,0,8,468,520.8,352.9,110.0,98.7,107,95,222,133,Defender,5.0,2,Mid,Differential
Ezri,3.3,Konsa Ngoyo,1.2,AVL,119,23.8,Konsa,3195,2,0,12,46,0,8,580,695.6,34.2,276.0,101.0,46,286,130,130,Defender,5.0,2,Mid,Differential
Frédéric,0.0,Guilbert,0.1,AVL,0,0.0,Guilbert,0,0,0,0,0,0,0,0,0.0,0.0,0.0,0.0,410,399,395,410,Defender,4.5,0,Budget,Differential
Ashley,0.0,Young,0.9,AVL,0,0.0,Young,0,0,0,0,0,0,0,0,0.0,0.0,0.0,0.0,437,428,424,437,Defender,5.0,0,Mid,Differential
Pontus,0.0,Jansson,0.6,BRE,0,0.0,Jansson,0,0,0,0,0,0,0,0,0.0,0.0,0.0,0.0,388,373,367,388,Defender,4.5,0,Budget,Differential
Rico,0.0,Henry,0.7,BRE,0,0.0,Henry,0,0,0,0,0,0,0,0,0.0,0.0,0.0,0.0,408,396,392,408,Defender,4.5,0,Budget,Differential
Charlie,0.0,Goode,1.8,BRE,0,0.0,Goode,0,0,0,0,0,0,0,0,0.0,0.0,0.0,0.0,373,350,343,373,Defender,4.0,0,Budget,Differential
Mads,0.0,Roerslev Rasmussen,0.2,BRE,0,0.0,Roerslev,0,0,0,0,0,0,0,0,0.0,0.0,0.0,0.0,416,406,402,416,Defender,4.5,0,Budget,Differential
Mads,0.0,Bech Sørensen,0.2,BRE,0,0.0,Sørensen,0,0,0,0,0,0,0,0,0.0,0.0,0.0,0.0,418,408,404,418,Defender,4.5,0,Budget,Differential
Ethan,0.0,Pinnock,0.3,BRE,0,0.0,Pinnock,0,0,0,0,0,0,0,0,0.0,0.0,0.0,0.0,419,409,405,419,Defender,4.5,0,Budget,Differential
Kristoffer,0.0,Ajer,0.6,BRE,0,0.0,Ajer,0,0,0,0,0,0,0,0,0.0,0.0,0.0,0.0,406,394,390,406,Defender,4.5,0,Budget,Differential
Shane,0.0,Duffy,4.1,BHA,0,0.0,Duffy,0,0,0,0,0,0,0,0,0.0,0.0,0.0,0.0,367,343,336,367,Defender,4.0,0,Budget,Differential
Dan,2.4,Burn,0.2,BHA,64,14.2,Burn,2057,1,0,6,28,0,1,330,389.0,183.1,214.0,78.2,167,170,154,178,Defender,4.5,1,Budget,Differential
Lewis,3.9,Dunk,6.9,BHA,130,26.0,Dunk,2932,5,0,11,40,0,17,626,720.4,136.7,443.0,130.2,39,193,75,82,Defender,5.0,5,Mid,Differential
Adam,2.9,Webster,0.6,BHA,85,18.9,Webster,2594,1,0,9,35,0,0,470,505.4,96.6,244.0,84.6,115,232,137,165,Defender,4.5,1,Budget,Differential
Joël,3.4,Veltman,3.9,BHA,96,21.3,Veltman,2280,1,1,9,27,0,10,432,484.4,366.0,169.0,102.1,132,89,177,125,Defender,4.5,2,Budget,Differential
Bernardo,0.0,Fernandes Da Silva Junior,0.1,BHA,0,0.0,Bernardo,0,0,0,0,0,0,0,0,0.0,0.0,0.0,0.0,372,349,342,372,Defender,4.0,0,Budget,Differential
Tariq,3.2,Lamptey,3.1,BHA,35,7.8,Lamptey,887,1,3,2,15,0,2,156,147.8,162.9,156.0,46.7,282,177,187,250,Defender,4.5,4,Budget,Differential
James,3.0,Tarkowski,1.4,BUR,109,21.8,Tarkowski,3240,1,0,11,50,0,9,534,773.4,148.0,350.0,127.7,25,186,98,85,Defender,5.0,1,Mid,Differential
Phil,0.5,Bardsley,1.0,BUR,2,0.5,Bardsley,273,0,0,0,8,0,0,28,39.4,12.9,6.0,5.9,337,310,320,344,Defender,4.0,0,Budget,Differential
Erik,2.5,Pieters,0.3,BUR,50,11.1,Pieters,1260,0,3,3,19,0,5,203,199.4,77.0,63.0,34.0,248,256,271,286,Defender,4.5,3,Budget,Differential
Kevin,1.8,Long,0.6,BUR,14,3.5,Long,636,0,0,1,13,0,1,85,102.6,12.0,25.0,14.0,306,312,302,323,Defender,4.0,0,Budget,Differential
Ben,3.4,Mee,0.9,BUR,102,20.4,Mee,2693,2,0,10,41,0,7,500,691.0,71.6,312.0,107.9,50,263,109,112,Defender,5.0,2,Mid,Differential
Matthew,3.0,Lowton,3.2,BUR,103,22.9,Lowton,3060,1,1,10,47,0,6,545,551.2,380.8,125.0,105.8,90,84,210,118,Defender,4.5,2,Budget,Differential
Charlie,2.9,Taylor,0.9,BUR,83,18.4,Taylor,2425,0,2,8,42,0,5,451,494.4,248.5,52.0,79.5,124,139,280,174,Defender,4.5,2,Budget,Differential
Nathan,0.0,Collins,0.1,BUR,0,0.0,Collins,0,0,0,0,0,0,0,0,0.0,0.0,0.0,0.0,431,421,417,431,Defender,4.5,0,Budget,Differential
César,4.3,Azpilicueta,3.4,CHE,113,18.8,Azpilicueta,2187,1,2,13,20,0,12,518,502.2,413.3,164.0,107.9,117,73,182,113,Defender,6.0,3,Premium,Differential
Thiago,4.0,Emiliano da Silva,3.5,CHE,92,16.7,Thiago Silva,1935,2,0,10,25,0,10,481,537.8,84.9,223.0,84.5,97,247,147,168,Defender,5.5,2,Mid,Differential
Marcos,4.4,Alonso,1.3,CHE,57,10.4,Alonso,958,2,1,5,13,0,5,225,224.2,204.1,328.0,75.6,238,159,105,186,Defender,5.5,3,Mid,Differential
Antonio,4.9,Rüdiger,5.9,CHE,93,16.9,Rüdiger,1710,1,0,11,10,0,9,429,368.6,83.8,201.0,65.4,176,249,159,211,Defender,5.5,1,Mid,Differential
Kurt,4.5,Zouma,1.7,CHE,108,19.6,Zouma,2027,5,0,9,25,0,6,481,577.8,72.6,339.0,99.0,79,262,101,132,Defender,5.5,5,Mid,Differential
Andreas,3.6,Christensen,0.9,CHE,61,12.2,Christensen,1371,0,0,8,17,0,9,323,293.4,80.9,34.0,40.9,204,251,292,267,Defender,5.0,0,Mid,Differential
Benjamin,5.1,Chilwell,13.7,CHE,139,23.2,Chilwell,2286,3,6,12,23,0,11,549,545.0,535.8,408.0,148.5,92,48,82,69,Defender,6.0,9,Premium,Differential
Ethan,1.8,Ampadu,0.2,CHE,44,9.8,Ampadu,2087,0,0,2,41,0,4,341,458.0,189.6,51.0,70.1,144,168,281,200,Defender,4.5,0,Budget,Differential
Reece,3.5,James,8.6,CHE,112,20.4,James,2367,1,3,9,29,0,15,572,527.4,697.3,399.0,162.8,103,25,86,55,Defender,5.5,4,Mid,Differential
James,2.2,Tomkins,0.2,CRY,18,4.0,Tomkins,551,0,0,2,12,0,2,97,101.2,11.4,29.0,14.1,308,313,296,322,Defender,4.5,0,Budget,Differential
Cheikhou,2.3,Kouyaté,0.5,CRY,82,18.2,Kouyaté,3121,1,0,8,56,0,2,438,574.8,103.0,134.0,81.3,82,220,204,171,Defender,4.5,1,Budget,Differential
Martin,1.0,Kelly,1.5,CRY,1,0.2,Kelly,1,0,0,0,0,0,0,3,2.2,0.0,0.0,0.2,360,342,335,361,Defender,4.0,0,Budget,Differential
Jarosław,0.0,Jach,0.1,CRY,0,0.0,Jach,0,0,0,0,0,0,0,0,0.0,0.0,0.0,0.0,404,392,388,404,Defender,4.5,0,Budget,Differential
Nathan,0.0,Ferguson,0.0,CRY,0,0.0,Ferguson,0,0,0,0,0,0,0,0,0.0,0.0,0.0,0.0,421,411,407,421,Defender,4.5,0,Budget,Differential
Tyrick,3.1,Mitchell,1.1,CRY,58,12.9,Mitchell,1710,1,2,4,32,0,5,287,387.6,76.8,60.0,52.5,168,257,275,238,Defender,4.5,3,Budget,Differential
Joel,2.5,Ward,0.2,CRY,66,14.7,Ward,2255,0,1,7,43,0,6,353,366.8,118.2,28.0,51.3,178,206,299,242,Defender,4.5,1,Budget,Differential
Marc,0.0,Guéhi,0.4,CRY,0,0.0,Guéhi,0,0,0,0,0,0,0,0,0.0,0.0,0.0,0.0,412,401,397,412,Defender,4.5,0,Budget,Differential
Joachim,3.0,Andersen,0.5,CRY,93,20.7,Andersen,2729,1,1,9,36,0,7,501,582.8,109.3,151.0,84.5,75,216,196,167,Defender,4.5,2,Budget,Differential
Seamus,3.2,Coleman,0.6,EVE,81,16.2,Coleman,1607,0,3,8,19,0,4,371,322.6,268.2,189.0,78.0,196,130,168,179,Defender,5.0,3,Mid,Differential
Lucas,4.0,Digne,21.7,EVE,120,21.8,Digne,2681,0,9,9,42,0,18,590,592.6,704.2,136.0,143.5,69,24,202,74,Defender,5.5,9,Mid,High
Michael,3.6,Keane,3.0,EVE,127,25.4,Keane,2989,3,1,11,43,0,13,649,814.0,87.8,243.0,114.5,18,243,139,103,Defender,5.0,4,Mid,Differential
Yerry,3.3,Mina,0.6,EVE,79,15.8,Mina,1936,2,0,6,22,0,7,399,496.2,23.5,200.0,72.3,123,300,161,195,Defender,5.0,2,Mid,Differential
Mason,2.9,Holgate,1.0,EVE,80,17.8,Holgate,2286,1,0,9,32,0,4,426,432.2,126.0,80.0,64.1,156,203,253,216,Defender,4.5,1,Budget,Differential
Ben,3.2,Godfrey,1.2,EVE,100,20.0,Godfrey,2683,0,2,11,35,0,7,537,610.4,84.3,152.0,84.8,61,248,195,164,Defender,5.0,2,Mid,Differential
Jonny,3.9,Evans,1.0,LEI,109,19.8,Evans,2473,2,2,10,31,0,12,536,532.4,129.0,115.0,77.9,99,200,217,180,Defender,5.5,4,Mid,Differential
Ricardo Domingos,1.8,Barbosa Pereira,2.2,LEI,27,4.9,Pereira,954,0,1,2,19,0,0,152,183.4,162.4,144.0,48.9,258,179,199,244,Defender,5.5,1,Mid,Differential
Daniel,1.7,Amartey,8.0,LEI,19,4.8,Amartey,718,1,0,0,12,0,2,121,155.0,10.9,61.0,22.7,278,314,274,305,Defender,4.0,1,Budget,Differential
Timothy,3.5,Castagne,3.3,LEI,94,17.1,Castagne,2345,2,4,6,37,0,7,479,486.6,350.2,181.0,101.7,131,97,170,128,Defender,5.5,6,Mid,Differential
Çaglar,2.6,Söyüncü,2.4,LEI,59,11.8,Söyüncü,1816,1,0,5,30,0,3,360,403.6,114.4,157.0,67.7,162,210,186,205,Defender,5.0,1,Mid,Differential
James,4.4,Justin,0.1,LEI,101,20.2,Justin,2070,2,2,9,25,0,13,447,472.2,290.7,195.0,96.0,138,119,164,138,Defender,5.0,4,Mid,Differential
Luke,1.9,Thomas,0.3,LEI,26,5.8,Thomas,968,1,0,1,18,0,0,132,169.0,111.7,101.0,38.1,269,215,231,276,Defender,4.5,1,Budget,Differential
Wesley,2.5,Fofana,5.7,LEI,71,15.8,Fofana,2260,0,1,7,30,0,5,464,502.0,107.8,121.0,73.4,118,217,212,192,Defender,4.5,1,Budget,Differential
Ryan,2.7,Bertrand,1.3,LEI,78,15.6,Bertrand,2598,0,2,8,51,0,4,404,306.8,271.8,135.0,71.4,200,125,203,196,Defender,5.0,2,Mid,Differential
Liam,2.4,Cooper,0.4,LEE,59,13.1,Cooper,2186,1,0,6,41,0,2,454,620.4,17.7,259.0,89.8,59,306,135,148,Defender,4.5,1,Budget,Differential
Luke,2.6,Ayling,12.3,LEE,100,22.2,Ayling,3399,0,0,12,54,0,2,665,843.2,421.4,350.0,161.6,13,70,97,56,Defender,4.5,0,Budget,Differential
Diego,3.3,Llorente,0.5,LEE,50,11.1,Llorente,1203,1,0,4,12,0,3,255,293.0,51.0,115.0,46.0,205,275,216,252,Defender,4.5,1,Budget,Differential
Robin,2.2,Koch,0.4,LEE,38,8.4,Koch,1130,0,0,4,21,0,2,220,230.2,52.2,131.0,41.4,235,274,207,266,Defender,4.5,0,Budget,Differential
Pascal,2.6,Struijk,0.6,LEE,71,15.8,Struijk,2072,1,0,7,32,0,2,402,513.0,66.3,222.0,80.1,112,267,148,172,Defender,4.5,1,Budget,Differential
Héctor Junior,0.0,Firpo Adames,1.3,LEE,0,0.0,Firpo,0,0,0,0,0,0,0,0,0.0,0.0,0.0,0.0,462,460,458,462,Defender,5.0,0,Mid,Differential
Joel,4.2,Matip,0.4,LIV,42,8.4,Matip,690,1,2,3,5,0,5,194,179.0,42.4,84.0,30.6,262,282,249,293,Defender,5.0,3,Mid,Differential
Virgil,3.0,van Dijk,10.3,LIV,15,2.3,van Dijk,370,1,0,1,11,0,1,73,82.4,4.8,66.0,15.3,317,330,267,321,Defender,6.5,1,Premium,Differential
Andrew,4.2,Robertson,11.2,LIV,161,23.0,Robertson,3384,1,8,12,42,0,19,834,754.4,1129.3,359.0,224.5,33,5,95,22,Defender,7.0,9,Premium,Differential
Trent,4.4,Alexander-Arnold,29.8,LIV,160,21.3,Alexander-Arnold,3029,2,8,10,40,0,26,761,789.6,1238.8,529.0,255.7,22,3,58,14,Defender,7.5,10,Premium,High
Joseph,1.4,Gomez,0.8,LIV,10,2.0,Gomez,589,0,0,0,14,0,0,94,106.8,18.1,0.0,12.5,302,305,441,326,Defender,5.0,0,Mid,Differential
Nathaniel,4.0,Phillips,0.5,LIV,68,15.1,Phillips,1455,1,1,7,11,0,1,325,376.4,90.6,132.0,60.1,172,240,206,221,Defender,4.5,2,Budget,Differential
Ibrahima,0.0,Konaté,4.3,LIV,0,0.0,Konaté,0,0,0,0,0,0,0,0,0.0,0.0,0.0,0.0,473,472,471,473,Defender,5.5,0,Mid,Differential
Konstantinos,1.0,Tsimikas,2.2,LIV,2,0.5,Tsimikas,6,0,0,0,0,0,0,5,0.0,0.1,0.0,0.0,374,335,344,374,Defender,4.0,0,Budget,Differential
Neco,1.8,Williams,1.3,LIV,11,2.8,N.Williams,247,0,0,1,1,0,0,51,42.0,47.8,34.0,12.2,336,278,289,327,Defender,4.0,0,Budget,Differential
Rhys,3.1,Williams,0.1,LIV,28,6.2,R.Williams,659,0,0,3,6,0,1,135,111.6,29.8,62.0,20.4,297,295,273,312,Defender,4.5,0,Budget,Differential
Ben,0.0,Davies,0.6,LIV,0,0.0,Davies,0,0,0,0,0,0,0,0,0.0,0.0,0.0,0.0,371,348,341,371,Defender,4.0,0,Budget,Differential
Kyle,3.8,Walker,5.3,MCI,91,16.5,Walker,1944,1,1,9,20,0,7,410,332.2,200.9,88.0,62.1,194,162,244,217,Defender,5.5,2,Mid,Differential
John,5.8,Stones,11.6,MCI,128,23.3,Stones,1933,4,0,14,12,0,11,531,520.0,79.8,192.0,79.0,108,253,166,177,Defender,5.5,4,Mid,Differential
Benjamin,4.8,Mendy,1.1,MCI,63,11.5,Mendy,951,2,1,5,10,0,8,222,179.8,117.1,89.0,38.4,260,208,240,274,Defender,5.5,3,Mid,Differential
João Pedro Cavaco,4.9,Cancelo,7.8,MCI,138,23.0,Cancelo,2298,2,4,14,21,0,18,610,569.8,673.0,394.0,163.7,84,30,88,54,Defender,6.0,6,Premium,Differential
Nathan,2.9,Aké,0.3,MCI,29,5.8,Aké,797,1,0,3,13,0,1,150,156.0,46.9,44.0,24.7,276,279,285,301,Defender,5.0,1,Mid,Differential
Aymeric,3.6,Laporte,1.8,MCI,58,10.5,Laporte,1343,0,0,7,10,0,4,286,233.4,78.0,85.0,39.6,233,254,248,271,Defender,5.5,0,Mid,Differential
Rúben Santos,4.4,Gato Alves Dias,27.5,MCI,142,23.7,Dias,2843,1,1,17,21,0,12,656,651.6,91.0,218.0,96.3,56,239,153,136,Defender,6.0,2,Premium,High
Oleksandr,3.5,Zinchenko,1.9,MCI,69,12.5,Zinchenko,1473,0,0,8,14,0,5,353,272.0,295.7,134.0,70.3,220,116,205,199,Defender,5.5,0,Mid,Differential
Harry,3.6,Maguire,11.9,MUN,124,22.5,Maguire,3047,2,2,13,36,0,8,632,701.4,133.6,428.0,126.3,43,196,78,87,Defender,5.5,4,Mid,Differential
Luke,3.9,Shaw,52.0,MUN,124,22.5,Shaw,2653,1,5,10,33,0,22,640,596.0,1085.9,243.0,192.8,65,7,140,37,Defender,5.5,6,Mid,High
Alex Nicolao,2.8,Telles,0.1,MUN,25,5.0,Telles,689,0,2,1,11,0,3,149,168.6,200.7,33.0,40.1,270,163,293,269,Defender,5.0,2,Mid,Differential
Axel,0.8,Tuanzebe,0.2,MUN,7,1.6,Tuanzebe,402,0,0,0,8,0,0,59,95.0,6.0,0.0,10.0,312,327,386,332,Defender,4.5,0,Budget,Differential
Victor,3.5,Lindelöf,0.6,MUN,102,20.4,Lindelöf,2585,1,1,10,30,0,3,527,503.0,102.6,56.0,66.4,116,221,278,210,Defender,5.0,2,Mid,Differential
Eric,2.6,Bailly,0.2,MUN,31,6.2,Bailly,915,0,0,3,17,0,6,178,175.6,8.3,26.0,21.1,265,324,301,308,Defender,5.0,0,Mid,Differential
Aaron,4.2,Wan-Bissaka,11.1,MUN,144,26.2,Wan-Bissaka,3060,2,5,13,36,0,11,729,785.4,498.2,159.0,144.1,23,53,185,73,Defender,5.5,7,Mid,Differential
Brandon,1.2,Williams,3.3,MUN,5,1.2,Williams,187,0,0,0,3,0,0,26,26.6,19.4,19.0,6.5,344,304,305,342,Defender,4.0,0,Budget,Differential
Matt,2.9,Ritchie,0.3,NEW,52,10.4,Ritchie,1347,0,5,3,22,0,5,226,225.8,411.9,101.0,73.8,236,75,232,191,Defender,5.0,5,Mid,Differential
Ciaran,2.1,Clark,0.2,NEW,46,10.2,Clark,1890,1,0,3,35,0,2,291,402.6,29.8,105.0,53.9,164,294,227,235,Defender,4.5,1,Budget,Differential
Jamaal,2.3,Lascelles,0.5,NEW,44,9.8,Lascelles,1625,2,0,2,32,0,3,229,345.2,38.1,161.0,54.7,191,284,184,230,Defender,4.5,2,Budget,Differential
Paul,2.7,Dummett,0.1,NEW,40,8.9,Dummett,1254,1,0,3,20,0,2,204,274.4,68.1,45.0,38.8,215,265,284,273,Defender,4.5,1,Budget,Differential
Javier,2.2,Manquillo,13.5,NEW,28,7.0,Manquillo,822,0,0,3,15,0,0,136,109.8,93.5,18.0,22.2,300,235,306,306,Defender,4.0,0,Budget,Differential
Emil,2.8,Krafth,0.1,NEW,45,10.0,Krafth,1286,1,1,5,27,0,0,222,240.4,87.7,88.0,41.6,231,244,241,265,Defender,4.5,2,Budget,Differential
Fabian,1.7,Schär,0.3,NEW,30,6.7,Schär,1255,1,0,2,21,0,1,160,251.0,9.0,116.0,37.6,227,322,215,278,Defender,4.5,1,Budget,Differential
Jamal,1.8,Lewis,0.3,NEW,44,9.8,Lewis,1833,0,1,3,37,0,3,261,272.6,224.8,47.0,54.2,219,155,283,233,Defender,4.5,1,Budget,Differential
Federico,2.2,Fernández,0.2,NEW,53,11.8,Fernández,2080,0,0,5,38,0,6,376,522.0,91.3,64.0,67.5,106,238,270,207,Defender,4.5,0,Budget,Differential
Grant,0.0,Hanley,0.3,NOR,0,0.0,Hanley,0,0,0,0,0,0,0,0,0.0,0.0,0.0,0.0,391,377,371,391,Defender,4.5,0,Budget,Differential
Sam,0.0,Byram,0.1,NOR,0,0.0,Byram,0,0,0,0,0,0,0,0,0.0,0.0,0.0,0.0,395,382,376,395,Defender,4.5,0,Budget,Differential
Christoph,0.0,Zimmermann,0.2,NOR,0,0.0,Zimmermann,0,0,0,0,0,0,0,0,0.0,0.0,0.0,0.0,407,395,391,407,Defender,4.5,0,Budget,Differential
Max,0.0,Aarons,3.1,NOR,0,0.0,Aarons,0,0,0,0,0,0,0,0,0.0,0.0,0.0,0.0,422,412,408,422,Defender,4.5,0,Budget,Differential
Jacob,0.0,Sørensen,0.1,NOR,0,0.0,Sørensen,0,0,0,0,0,0,0,0,0.0,0.0,0.0,0.0,424,414,410,424,Defender,4.5,0,Budget,Differential
Andrew,0.0,Omobamidele,2.5,NOR,0,0.0,Omobamidele,0,0,0,0,0,0,0,0,0.0,0.0,0.0,0.0,380,357,351,380,Defender,4.0,0,Budget,Differential
Ben,0.0,Gibson,0.1,NOR,0,0.0,Gibson,0,0,0,0,0,0,0,0,0.0,0.0,0.0,0.0,390,376,370,390,Defender,4.5,0,Budget,Differential
Dimitris,0.0,Giannoulis,0.1,NOR,0,0.0,Giannoulis,0,0,0,0,0,0,0,0,0.0,0.0,0.0,0.0,405,393,389,405,Defender,4.5,0,Budget,Differential
Jack,2.3,Stephens,0.2,SOU,41,9.1,Stephens,1537,0,0,4,39,0,6,288,351.0,85.6,104.0,54.2,187,246,228,232,Defender,4.5,0,Budget,Differential
Jannik,2.9,Vestergaard,1.1,SOU,86,17.2,Vestergaard,2574,3,1,6,47,0,4,494,671.8,102.1,294.0,106.7,53,222,120,115,Defender,5.0,4,Mid,Differential
Kyle,3.1,Walker-Peters,1.0,SOU,93,18.6,Walker-Peters,2646,0,3,9,41,0,7,498,497.6,262.2,316.0,107.5,122,135,107,114,Defender,5.0,3,Mid,Differential
Jan,2.6,Bednarek,1.5,SOU,94,20.9,Bednarek,3100,1,1,9,62,0,11,584,692.0,75.0,164.0,93.1,49,260,181,143,Defender,4.5,2,Budget,Differential
Mohammed,1.2,Salisu,0.1,SOU,14,3.1,Salisu,841,0,0,0,19,0,0,119,188.2,29.9,34.0,25.4,255,292,291,300,Defender,4.5,0,Budget,Differential
Romain,0.0,Perraud,0.2,SOU,0,0.0,Perraud,0,0,0,0,0,0,0,0,0.0,0.0,0.0,0.0,455,453,450,455,Defender,5.0,0,Mid,Differential
Tino,0.0,Livramento,1.7,SOU,0,0.0,Livramento,0,0,0,0,0,0,0,0,0.0,0.0,0.0,0.0,378,355,349,378,Defender,4.0,0,Budget,Differential
Toby,3.5,Alderweireld,0.2,TOT,88,17.6,Alderweireld,2240,1,0,10,25,0,4,469,559.8,106.5,178.0,84.6,86,219,172,166,Defender,5.0,1,Mid,Differential
Serge,4.2,Aurier,0.6,TOT,80,16.0,Aurier,1605,2,3,6,22,0,4,370,412.2,267.6,194.0,87.4,159,131,165,155,Defender,5.0,5,Mid,Differential
Matt,2.8,Doherty,1.1,TOT,47,9.4,Doherty,1238,0,2,4,15,0,4,222,257.2,182.4,79.0,52.0,223,172,257,241,Defender,5.0,2,Mid,Differential
Eric,2.8,Dier,1.4,TOT,77,17.1,Dier,2520,0,0,8,34,0,2,463,577.0,82.2,114.0,77.4,80,250,218,182,Defender,4.5,0,Budget,Differential
Ben,2.6,Davies,0.3,TOT,52,11.6,Davies,1340,0,2,4,16,0,1,253,232.8,136.8,65.0,43.4,234,192,269,260,Defender,4.5,2,Budget,Differential
Davinson,2.4,Sánchez,0.6,TOT,43,9.6,Sánchez,1486,0,0,4,22,0,3,256,319.2,20.0,114.0,45.5,199,301,219,253,Defender,4.5,0,Budget,Differential
Ryan,0.0,Sessegnon,0.2,TOT,0,0.0,Sessegnon,0,0,0,0,0,0,0,0,0.0,0.0,0.0,0.0,403,391,387,403,Defender,4.5,0,Budget,Differential
Sergio,3.3,Reguilón,2.7,TOT,89,17.8,Reguilón,2244,0,6,8,31,0,4,413,361.2,309.4,253.0,92.5,183,108,136,144,Defender,5.0,6,Mid,Differential
Japhet,2.3,Tanganga,0.1,TOT,14,3.1,Tanganga,487,0,0,2,8,0,0,81,68.8,29.5,40.0,13.8,325,296,288,325,Defender,4.5,0,Budget,Differential
Joe,2.2,Rodon,0.2,TOT,27,6.0,Rodon,732,0,0,2,12,0,3,169,166.2,3.6,6.0,17.7,272,331,321,317,Defender,4.5,0,Budget,Differential
Danny,0.0,Rose,1.0,WAT,0,0.0,Rose,0,0,0,0,0,0,0,0,0.0,0.0,0.0,0.0,385,364,358,385,Defender,4.5,0,Budget,Differential
Craig,0.0,Cathcart,0.2,WAT,0,0.0,Cathcart,0,0,0,0,0,0,0,0,0.0,0.0,0.0,0.0,386,368,362,386,Defender,4.5,0,Budget,Differential
Francisco,0.0,Femenía Far,0.4,WAT,0,0.0,Femenía,0,0,0,0,0,0,0,0,0.0,0.0,0.0,0.0,387,369,363,387,Defender,4.5,0,Budget,Differential
Christian,0.0,Kabasele,0.2,WAT,0,0.0,Kabasele,0,0,0,0,0,0,0,0,0.0,0.0,0.0,0.0,392,378,372,392,Defender,4.5,0,Budget,Differential
William,0.0,Troost-Ekong,0.2,WAT,0,0.0,Troost-Ekong,0,0,0,0,0,0,0,0,0.0,0.0,0.0,0.0,396,383,377,396,Defender,4.5,0,Budget,Differential
Adam,0.0,Masina,0.2,WAT,0,0.0,Masina,0,0,0,0,0,0,0,0,0.0,0.0,0.0,0.0,400,387,381,400,Defender,4.5,0,Budget,Differential
Francisco,0.0,Sierralta,0.4,WAT,0,0.0,Sierralta,0,0,0,0,0,0,0,0,0.0,0.0,0.0,0.0,411,400,396,411,Defender,4.5,0,Budget,Differential
Marc,0.0,Navarro,1.2,WAT,0,0.0,Navarro,0,0,0,0,0,0,0,0,0.0,0.0,0.0,0.0,375,351,345,375,Defender,4.0,0,Budget,Differential
Jeremy,0.0,Ngakia,0.1,WAT,0,0.0,Ngakia,0,0,0,0,0,0,0,0,0.0,0.0,0.0,0.0,420,410,406,420,Defender,4.5,0,Budget,Differential
Ben,0.0,Wilmot,0.0,WAT,0,0.0,Wilmot,0,0,0,0,0,0,0,0,0.0,0.0,0.0,0.0,426,416,412,426,Defender,4.5,0,Budget,Differential
Matthew,0.0,Pollock,1.0,WAT,0,0.0,Pollock,0,0,0,0,0,0,0,0,0.0,0.0,0.0,0.0,381,358,352,381,Defender,4.0,0,Budget,Differential
Angelo,3.6,Ogbonna,0.5,WHU,100,20.0,Ogbonna,2492,3,0,9,34,0,5,461,489.8,56.4,244.0,79.1,128,273,138,176,Defender,5.0,3,Mid,Differential
Winston,0.0,Reid,2.1,WHU,0,0.0,Reid,0,0,0,0,0,0,0,0,0.0,0.0,0.0,0.0,365,340,333,365,Defender,4.0,0,Budget,Differential
Aaron,4.2,Cresswell,19.5,WHU,153,27.8,Cresswell,3170,0,11,11,41,0,21,730,669.4,898.6,96.0,166.8,54,12,237,51,Defender,5.5,11,Mid,High
Craig,3.4,Dawson,0.3,WHU,75,15.0,Dawson,1925,3,0,7,25,0,3,336,433.6,30.2,219.0,68.4,155,291,152,203,Defender,5.0,3,Mid,Differential
Ryan,2.0,Fredericks,0.2,WHU,28,6.2,Fredericks,564,1,1,1,9,0,0,127,155.2,166.8,96.0,41.9,277,175,235,263,Defender,4.5,2,Budget,Differential
Arthur,3.5,Masuaku,0.3,WHU,42,9.3,Masuaku,1006,0,2,4,15,0,4,209,187.4,200.5,62.0,45.0,256,164,272,256,Defender,4.5,2,Budget,Differential
Vladimir,3.8,Coufal,15.1,WHU,128,25.6,Coufal,3054,0,9,9,43,0,12,625,693.8,670.9,220.0,158.7,47,31,151,58,Defender,5.0,9,Mid,High
Issa,2.3,Diop,0.5,WHU,42,9.3,Diop,1379,2,0,2,22,0,1,234,375.6,17.4,48.0,44.3,174,307,282,258,Defender,4.5,2,Budget,Differential
Ben,1.8,Johnson,3.1,WHU,25,6.2,Johnson,516,1,0,1,10,0,0,104,98.0,63.7,28.0,18.9,310,268,298,314,Defender,4.0,1,Budget,Differential
Willy,3.2,Boly,0.4,WOL,68,13.6,Boly,1879,1,1,6,29,0,4,364,414.0,46.1,182.0,64.2,157,280,169,215,Defender,5.0,2,Mid,Differential
Conor,2.9,Coady,8.6,WOL,106,23.6,Coady,3303,1,0,10,51,0,7,606,692.2,40.1,85.0,82.0,48,283,247,170,Defender,4.5,1,Budget,Differential
Romain,3.7,Saïss,0.7,WOL,99,19.8,Saïss,2407,3,0,8,40,0,11,466,584.6,101.2,347.0,103.4,74,223,99,122,Defender,5.0,3,Mid,Differential
Fernando,1.5,Marçal,0.1,WOL,19,4.2,Marçal,618,0,0,1,9,0,0,104,102.6,61.7,13.0,17.9,307,270,313,316,Defender,4.5,0,Budget,Differential
Jonathan,2.3,Castro Otto,0.0,WOL,16,3.6,Jonny,496,0,0,1,4,0,1,58,61.0,31.8,14.0,10.8,328,290,312,331,Defender,4.5,0,Budget,Differential
Nélson,3.2,Cabral Semedo,1.8,WOL,109,21.8,Semedo,2983,1,3,9,45,0,11,548,595.2,412.9,297.0,130.7,67,74,118,80,Defender,5.0,4,Mid,Differential
Max,3.2,Kilman,0.2,WOL,58,12.9,Kilman,1307,0,1,5,11,0,8,258,249.6,67.4,78.0,39.4,228,266,258,272,Defender,4.5,1,Budget,Differential
Ki-Jana,1.1,Hoever,2.3,WOL,13,3.2,Hoever,573,0,0,0,11,0,0,80,100.4,59.7,26.0,18.7,309,271,300,315,Defender,4.0,0,Budget,Differential
Yerson,0.0,Mosquera Valdelamar,0.1,WOL,0,0.0,Mosquera,0,0,0,0,0,0,0,0,0.0,0.0,0.0,0.0,436,426,422,436,Defender,4.5,0,Budget,Differential
Rayan,2.6,Ait Nouri,1.3,WOL,54,12.0,Ait Nouri,1400,1,1,3,23,0,6,264,243.2,234.5,196.0,67.4,230,149,163,208,Defender,4.5,2,Budget,Differential
Willian,3.1,Borges Da Silva,0.3,ARS,78,12.0,Willian,1398,1,7,3,17,0,9,306,256.2,534.8,228.0,102.3,224,49,146,124,Midfielder,6.5,8,Mid,Differential
Granit,2.3,Xhaka,0.7,ARS,70,14.0,Xhaka,2519,1,2,10,27,0,1,396,456.0,327.6,154.0,94.0,145,102,191,140,Midfielder,5.0,3,Budget,Differential
Mohamed Naser,2.2,El Sayed Elneny,0.6,ARS,50,11.1,Elneny,1538,1,0,5,20,0,3,258,200.2,99.9,79.0,37.8,246,225,256,277,Midfielder,4.5,1,Budget,Differential
Ainsley,2.6,Maitland-Niles,0.1,ARS,68,12.4,Maitland-Niles,1714,0,2,6,23,0,1,273,218.2,128.9,142.0,48.8,241,201,201,245,Midfielder,5.5,2,Budget,Differential
Thomas,2.0,Partey,0.2,ARS,47,9.4,Partey,1529,0,2,6,18,0,0,273,289.4,195.7,129.0,61.7,207,165,208,218,Midfielder,5.0,2,Budget,Differential
Nicolas,3.9,Pépé,3.4,ARS,114,15.2,Pépé,1606,10,3,4,21,0,11,351,476.2,235.9,774.0,148.5,135,148,37,70,Midfielder,7.5,13,Mid,Differential
Lucas,0.0,Torreira,0.4,ARS,0,0.0,Torreira,0,0,0,0,0,0,0,0,0.0,0.0,0.0,0.0,409,397,393,409,Midfielder,4.5,0,Budget,Differential
Joseph,3.8,Willock,0.9,ARS,79,13.2,Willock,1210,8,0,4,18,0,5,254,436.6,137.2,401.0,97.3,153,190,84,134,Midfielder,6.0,8,Mid,Differential
Emile,3.7,Smith Rowe,7.8,ARS,74,13.5,Smith Rowe,1438,2,5,9,10,0,3,308,273.2,385.1,222.0,88.1,218,81,149,152,Midfielder,5.5,7,Budget,Differential
Bukayo,3.6,Saka,14.8,ARS,114,17.5,Saka,2554,5,5,8,31,0,8,414,493.0,650.6,984.0,212.7,126,35,20,25,Midfielder,6.5,10,Mid,Differential
Mattéo,0.0,Guendouzi,0.0,ARS,0,0.0,Guendouzi,0,0,0,0,0,0,0,0,0.0,0.0,0.0,0.0,427,417,413,427,Midfielder,4.5,0,Budget,Differential
Gabriel Teodoro,2.6,Martinelli Silva,0.3,ARS,36,6.5,Martinelli,582,2,1,4,3,0,0,107,142.6,133.8,300.0,57.5,285,195,115,224,Midfielder,5.5,3,Budget,Differential
Albert,0.0,Sambi Lokonga,0.2,ARS,0,0.0,Sambi Lokonga,0,0,0,0,0,0,0,0,0.0,0.0,0.0,0.0,460,458,456,460,Midfielder,5.0,0,Budget,Differential
Conor,0.0,Hourihane,0.1,AVL,0,0.0,Hourihane,0,0,0,0,0,0,0,0,0.0,0.0,0.0,0.0,442,438,433,442,Midfielder,5.0,0,Budget,Differential
Bertrand,3.8,Traoré,1.9,AVL,135,22.5,Traoré,2315,7,7,11,31,0,7,407,528.4,530.6,917.0,197.6,102,51,25,36,Midfielder,6.0,14,Mid,Differential
Morgan,1.1,Sanson,0.1,AVL,10,2.0,Sanson,288,0,0,1,4,0,0,29,25.8,28.8,10.0,6.2,345,297,316,343,Midfielder,5.0,0,Budget,Differential
John,3.1,McGinn,0.8,AVL,114,19.0,McGinn,3330,3,7,14,46,0,2,492,579.0,600.5,361.0,154.1,78,40,94,63,Midfielder,6.0,10,Mid,Differential
Mahmoud Ahmed,2.7,Ibrahim Hassan,0.0,AVL,56,10.2,Trézéguet,1157,2,1,6,14,0,3,152,213.6,180.1,478.0,86.7,242,173,66,161,Midfielder,5.5,3,Budget,Differential
Marvelous,2.1,Nakamba,0.1,AVL,27,6.0,Nakamba,747,0,1,4,6,0,1,115,110.8,32.5,10.0,15.4,299,289,315,320,Midfielder,4.5,1,Budget,Differential
Anwar,4.0,El Ghazi,1.0,AVL,111,18.5,El Ghazi,1604,10,0,5,22,0,13,339,500.4,426.1,726.0,165.1,120,69,42,53,Midfielder,6.0,10,Mid,Differential
Emiliano,0.0,Buendía Stati,14.1,AVL,0,0.0,Buendía,0,0,0,0,0,0,0,0,0.0,0.0,0.0,0.0,489,489,489,489,Midfielder,6.5,0,Mid,Differential
Douglas Luiz,2.2,Soares de Paulo,1.7,AVL,72,16.0,Douglas Luiz,2781,0,2,12,41,0,0,358,403.4,304.5,189.0,90.0,163,114,167,147,Midfielder,4.5,2,Budget,Differential
Jacob,1.3,Ramsey,0.3,AVL,28,6.2,Ramsey,611,0,0,2,10,0,0,75,72.8,91.7,126.0,28.9,322,237,209,297,Midfielder,4.5,0,Budget,Differential
Leon,0.0,Bailey,2.1,AVL,0,0.0,Bailey,0,0,0,0,0,0,0,0,0.0,0.0,0.0,0.0,490,490,490,490,Midfielder,6.5,0,Mid,Differential
Christian,0.0,Nørgaard,0.2,BRE,0,0.0,Nørgaard,0,0,0,0,0,0,0,0,0.0,0.0,0.0,0.0,446,443,439,446,Midfielder,5.0,0,Budget,Differential
Tariqe,0.0,Fosu-Henry,0.2,BRE,0,0.0,Fosu,0,0,0,0,0,0,0,0,0.0,0.0,0.0,0.0,465,464,463,465,Midfielder,5.5,0,Budget,Differential
Sergi,0.0,Canós,0.3,BRE,0,0.0,Canós,0,0,0,0,0,0,0,0,0.0,0.0,0.0,0.0,470,469,468,470,Midfielder,5.5,0,Budget,Differential
Pelenda Joshua,0.0,Dasilva,0.2,BRE,0,0.0,Dasilva,0,0,0,0,0,0,0,0,0.0,0.0,0.0,0.0,471,470,469,471,Midfielder,5.5,0,Budget,Differential
Vitaly,0.0,Janelt,0.1,BRE,0,0.0,Janelt,0,0,0,0,0,0,0,0,0.0,0.0,0.0,0.0,450,448,445,450,Midfielder,5.0,0,Budget,Differential
Saman,0.0,Ghoddos,0.1,BRE,0,0.0,Ghoddos,0,0,0,0,0,0,0,0,0.0,0.0,0.0,0.0,474,473,472,474,Midfielder,5.5,0,Budget,Differential
Mathias,0.0,Jensen,0.2,BRE,0,0.0,Jensen,0,0,0,0,0,0,0,0,0.0,0.0,0.0,0.0,451,449,446,451,Midfielder,5.0,0,Budget,Differential
Jan,0.0,Zamburek,0.9,BRE,0,0.0,Zamburek,0,0,0,0,0,0,0,0,0.0,0.0,0.0,0.0,430,420,416,430,Midfielder,4.5,0,Budget,Differential
Bryan,0.0,Mbeumo,1.0,BRE,0,0.0,Mbeumo,0,0,0,0,0,0,0,0,0.0,0.0,0.0,0.0,480,479,478,480,Midfielder,5.5,0,Budget,Differential
Mads,0.0,Bidstrup,0.1,BRE,0,0.0,Bidstrup,0,0,0,0,0,0,0,0,0.0,0.0,0.0,0.0,434,424,420,434,Midfielder,4.5,0,Budget,Differential
Frank,0.0,Onyeka,0.1,BRE,0,0.0,Onyeka,0,0,0,0,0,0,0,0,0.0,0.0,0.0,0.0,457,455,452,457,Midfielder,5.0,0,Budget,Differential
Adam,1.9,Lallana,0.3,BHA,58,10.5,Lallana,1584,1,1,5,18,0,2,265,255.2,355.7,302.0,91.0,226,94,114,146,Midfielder,5.5,2,Budget,Differential
Pascal,3.4,Groß,0.5,BHA,116,19.3,Groß,2479,3,8,10,28,0,11,525,620.4,1087.8,415.0,212.3,60,6,81,26,Midfielder,6.0,11,Mid,Differential
Davy,1.3,Pröpper,0.0,BHA,9,2.0,Pröpper,209,0,0,0,2,0,0,38,24.0,5.1,52.0,8.2,348,329,279,335,Midfielder,4.5,0,Budget,Differential
Solomon,3.3,March,0.1,BHA,69,12.5,March,1670,2,2,7,25,0,6,283,368.6,414.3,322.0,110.5,177,71,106,108,Midfielder,5.5,4,Budget,Differential
Leandro,3.8,Trossard,1.5,BHA,132,20.3,Trossard,2602,5,6,12,30,0,15,406,543.4,725.1,759.0,202.8,93,23,39,32,Midfielder,6.5,11,Mid,Differential
Alireza,1.1,Jahanbakhsh,0.0,BHA,24,4.4,Jahanbakhsh,520,0,1,1,9,0,0,102,73.2,162.8,221.0,45.5,321,178,150,255,Midfielder,5.5,1,Budget,Differential
Yves,2.1,Bissouma,13.5,BHA,77,17.1,Bissouma,3112,1,0,11,42,0,2,487,523.6,295.5,196.0,101.1,104,117,162,129,Midfielder,4.5,1,Budget,Differential
Steven,2.3,Alzate,0.1,BHA,35,7.0,Alzate,892,1,0,5,17,0,3,141,132.2,154.9,88.0,37.6,288,182,243,279,Midfielder,5.0,1,Budget,Differential
Alexis,2.3,Mac Allister,0.1,BHA,48,8.7,Mac Allister,1108,1,1,5,14,0,3,148,170.6,210.6,235.0,61.5,267,158,142,219,Midfielder,5.5,2,Budget,Differential
Jakub,1.8,Moder,0.2,BHA,21,4.7,Moder,643,0,0,2,10,0,0,59,63.8,62.2,162.0,28.8,327,269,183,298,Midfielder,4.5,0,Budget,Differential
Enock,0.0,Mwepu,0.2,BHA,0,0.0,Mwepu,0,0,0,0,0,0,0,0,0.0,0.0,0.0,0.0,486,486,486,486,Midfielder,6.0,0,Mid,Differential
Jack,2.1,Cork,0.1,BUR,33,7.3,Cork,1350,0,0,4,24,0,0,154,140.0,126.2,82.0,34.9,286,202,250,282,Midfielder,4.5,0,Budget,Differential
Dale,1.1,Stephens,0.1,BUR,8,1.8,Stephens,257,0,0,0,4,0,0,33,31.0,8.3,41.0,8.0,343,323,287,337,Midfielder,4.5,0,Budget,Differential
Ashley,2.9,Westwood,0.7,BUR,112,20.4,Westwood,3410,3,4,11,55,0,5,585,559.2,843.2,156.0,156.1,87,14,188,60,Midfielder,5.5,7,Budget,Differential
Johann Berg,2.3,Gudmundsson,0.1,BUR,50,9.1,Gudmundsson,1358,2,0,3,24,0,3,175,193.6,160.8,170.0,52.3,251,180,175,240,Midfielder,5.5,2,Budget,Differential
Josh,2.2,Brownhill,3.3,BUR,74,16.4,Brownhill,2812,0,1,10,42,0,0,359,350.4,309.1,384.0,104.5,188,109,89,120,Midfielder,4.5,1,Budget,Differential
Josh,1.7,Benson,0.0,BUR,10,2.2,Benson,260,0,0,1,7,0,0,27,16.0,7.9,13.0,3.7,353,325,314,349,Midfielder,4.5,0,Budget,Differential
Dwight,3.1,McNeil,0.3,BUR,113,18.8,McNeil,3068,2,5,11,50,0,8,493,591.8,790.3,277.0,166.3,70,18,129,52,Midfielder,6.0,7,Mid,Differential
Jorge Luiz,4.1,Frello Filho,4.0,CHE,114,19.0,Jorginho,2006,7,2,14,17,0,15,485,588.8,383.5,175.0,114.9,71,83,174,101,Midfielder,6.0,9,Mid,Differential
Ross,2.9,Barkley,0.2,CHE,76,13.8,Barkley,1566,3,2,8,24,0,4,286,274.2,579.3,431.0,128.6,216,43,77,84,Midfielder,5.5,5,Budget,Differential
Mateo,2.0,Kovacic,0.2,CHE,54,10.8,Kovacic,1809,0,1,9,26,0,0,332,332.4,384.8,153.0,87.0,193,82,193,158,Midfielder,5.0,1,Budget,Differential
N'Golo,2.1,Kanté,4.8,CHE,62,12.4,Kanté,2140,0,2,10,24,0,0,375,449.0,347.3,96.0,89.7,148,99,236,149,Midfielder,5.0,2,Budget,Differential
Hakim,3.0,Ziyech,1.9,CHE,70,9.3,Ziyech,1164,2,3,10,7,0,8,239,274.8,485.6,369.0,112.8,214,58,92,106,Midfielder,7.5,5,Mid,Differential
Ruben,2.1,Loftus-Cheek,0.1,CHE,66,12.0,Loftus-Cheek,1962,1,0,11,22,0,0,178,201.6,274.0,439.0,91.4,245,124,76,145,Midfielder,5.5,1,Budget,Differential
Christian,3.0,Pulisic,1.4,CHE,82,10.2,Pulisic,1731,4,3,7,21,0,3,264,361.4,378.8,724.0,146.2,182,85,43,71,Midfielder,8.0,7,Mid,Differential
Mason,4.1,Mount,21.0,CHE,147,19.6,Mount,2887,6,7,14,32,0,16,599,770.4,1336.9,954.0,306.3,26,2,22,7,Midfielder,7.5,13,Mid,High
Callum,2.6,Hudson-Odoi,0.2,CHE,59,10.7,Hudson-Odoi,1050,2,3,6,5,0,2,239,291.8,471.5,336.0,109.9,206,60,102,109,Midfielder,5.5,5,Budget,Differential
Kai,3.4,Havertz,13.1,CHE,91,10.7,Havertz,1512,4,6,8,15,0,3,268,325.0,307.7,514.0,114.2,195,112,60,104,Midfielder,8.5,10,Mid,Differential
Conor,2.4,Gallagher,0.1,CRY,71,12.9,Gallagher,2530,2,2,5,48,0,3,322,437.2,320.1,276.0,103.2,152,106,131,123,Midfielder,5.5,4,Budget,Differential
James,2.5,McArthur,0.2,CRY,45,10.0,McArthur,1465,0,2,4,26,0,3,228,285.2,202.2,65.0,55.2,209,161,268,227,Midfielder,4.5,2,Budget,Differential
Luka,2.0,Milivojevic,0.2,CRY,63,11.5,Milivojevic,2357,1,1,7,47,0,3,332,410.8,329.6,143.0,88.4,160,101,200,150,Midfielder,5.5,2,Budget,Differential
Wilfried,4.5,Zaha,6.9,CRY,136,19.4,Zaha,2612,11,4,6,52,0,11,362,572.6,428.5,1003.0,200.4,83,68,19,34,Midfielder,7.0,15,Mid,Differential
Jeffrey,2.4,Schlupp,0.1,CRY,65,11.8,Schlupp,1415,2,3,5,26,0,3,194,336.6,242.1,304.0,88.2,192,143,112,151,Midfielder,5.5,5,Budget,Differential
Jairo,1.9,Riedewald,0.1,CRY,64,12.8,Riedewald,1810,2,0,4,39,0,4,249,274.0,160.4,88.0,52.4,217,181,242,239,Midfielder,5.0,2,Budget,Differential
Eberechi,3.7,Eze,0.1,CRY,125,20.8,Eze,2555,4,8,6,51,0,17,470,516.2,653.1,383.0,155.4,110,34,90,61,Midfielder,6.0,12,Mid,Differential
Michael,0.0,Olise,0.2,CRY,0,0.0,Olise,0,0,0,0,0,0,0,0,0.0,0.0,0.0,0.0,479,478,477,479,Midfielder,5.5,0,Budget,Differential
Fabian,1.0,Delph,0.2,EVE,8,1.8,Delph,260,0,0,0,6,0,0,48,37.0,29.8,1.0,6.8,339,293,329,341,Midfielder,4.5,0,Budget,Differential
Gylfi,3.4,Sigurdsson,2.9,EVE,122,17.4,Sigurdsson,2244,6,5,10,29,0,13,443,530.6,644.2,510.0,168.8,100,36,62,49,Midfielder,7.0,11,Mid,Differential
James,4.4,Rodríguez,3.7,EVE,101,14.4,James,1763,6,5,5,27,0,11,432,499.2,585.6,399.0,148.7,121,41,87,68,Midfielder,7.0,11,Mid,Differential
Bernard,1.8,Anício Caldeira Duarte,0.0,EVE,21,3.8,Bernard,447,1,0,2,7,0,1,75,104.8,142.7,80.0,32.7,303,189,254,290,Midfielder,5.5,1,Budget,Differential
Allan,2.0,Marques Loureiro,1.1,EVE,47,10.4,Allan,2050,0,0,7,30,0,0,290,366.6,233.3,42.0,64.4,179,152,286,214,Midfielder,4.5,0,Budget,Differential
André Filipe,1.7,Tavares Gomes,0.1,EVE,48,9.6,André Gomes,1559,0,1,5,22,0,0,224,189.0,244.5,103.0,53.0,254,141,229,236,Midfielder,5.0,1,Budget,Differential
Abdoulaye,2.8,Doucouré,0.3,EVE,80,14.5,Doucouré,2443,2,3,9,36,0,2,421,433.8,319.4,267.0,102.1,154,107,133,126,Midfielder,5.5,5,Budget,Differential
Alex,2.2,Iwobi,0.2,EVE,65,10.8,Iwobi,1530,1,3,5,21,0,1,256,262.6,263.1,233.0,76.0,222,133,144,185,Midfielder,6.0,4,Mid,Differential
Tom,1.9,Davies,0.1,EVE,47,9.4,Davies,1417,0,1,5,23,0,1,209,205.6,112.0,30.0,34.7,244,213,295,283,Midfielder,5.0,1,Budget,Differential
Andros,2.8,Townsend,0.5,EVE,94,17.1,Townsend,2250,1,5,7,37,0,8,378,511.4,694.6,311.0,152.1,114,26,110,66,Midfielder,5.5,6,Budget,Differential
Demarai,1.0,Gray,0.3,EVE,1,0.2,Gray,18,0,0,0,0,0,0,3,0.2,1.3,3.0,0.5,361,333,324,360,Midfielder,5.5,0,Budget,Differential
Marc,2.5,Albrighton,0.2,LEI,78,14.2,Albrighton,1735,1,7,4,22,0,3,325,412.6,544.2,282.0,123.9,158,46,126,89,Midfielder,5.5,8,Budget,Differential
Nampalys,1.8,Mendy,0.4,LEI,41,9.1,Mendy,1452,0,1,4,25,0,0,234,153.0,118.7,23.0,29.6,280,205,304,294,Midfielder,4.5,1,Budget,Differential
Dennis,2.5,Praet,0.1,LEI,37,7.4,Praet,714,1,2,3,11,0,1,129,119.2,132.1,120.0,36.9,292,198,213,281,Midfielder,5.0,3,Budget,Differential
Youri,3.5,Tielemans,4.8,LEI,133,20.5,Tielemans,3356,6,4,11,50,0,11,633,840.4,788.2,462.0,209.1,14,19,69,27,Midfielder,6.5,10,Mid,Differential
Ayoze,2.3,Pérez,0.3,LEI,58,9.7,Pérez,1322,2,1,5,21,0,2,149,255.6,323.6,482.0,106.1,225,103,65,117,Midfielder,6.0,3,Mid,Differential
James,4.3,Maddison,12.1,LEI,133,19.0,Maddison,2093,8,7,10,28,0,12,473,588.4,770.3,668.0,202.5,72,20,48,33,Midfielder,7.0,15,Mid,Differential
Hamza,1.4,Choudhury,0.1,LEI,14,3.1,Choudhury,311,0,0,2,2,0,0,59,34.0,13.5,29.0,7.6,341,309,297,338,Midfielder,4.5,0,Budget,Differential
Harvey,5.0,Barnes,9.3,LEI,126,18.0,Barnes,1944,9,5,7,25,0,13,348,556.4,359.0,810.0,172.7,89,92,35,47,Midfielder,7.0,14,Mid,Differential
Wilfred,3.0,Ndidi,1.3,LEI,79,15.8,Ndidi,2175,1,4,7,31,0,11,430,549.2,234.5,78.0,86.2,91,150,259,163,Midfielder,5.0,5,Budget,Differential
Boubakary,0.0,Soumaré,0.1,LEI,0,0.0,Soumaré,0,0,0,0,0,0,0,0,0.0,0.0,0.0,0.0,453,451,448,453,Midfielder,5.0,0,Budget,Differential
Pablo,1.8,Hernández Domínguez,0.0,LEE,28,5.1,Hernández,414,0,3,1,6,0,0,103,84.0,97.9,153.0,33.4,315,227,194,287,Midfielder,5.5,3,Budget,Differential
Mateusz,2.8,Klich,0.5,LEE,99,18.0,Klich,2386,4,5,8,44,0,3,407,464.6,661.4,333.0,145.7,141,32,104,72,Midfielder,5.5,9,Budget,Differential
Stuart,4.5,Dallas,16.9,LEE,171,31.1,Dallas,3410,8,3,12,53,0,15,726,756.8,454.6,527.0,174.2,31,64,59,46,Midfielder,5.5,11,Budget,High
Kalvin,2.3,Phillips,2.6,LEE,67,13.4,Phillips,2428,1,2,9,34,0,2,396,535.4,539.3,82.0,115.8,98,47,251,99,Midfielder,5.0,3,Budget,Differential
Hélder Wander,2.9,Sousa de Azevedo e Costa,0.2,LEE,63,11.5,Costa,1150,3,4,3,23,0,2,162,224.2,134.3,289.0,64.7,239,194,124,212,Midfielder,5.5,7,Budget,Differential
Tyler,1.8,Roberts,0.1,LEE,49,9.8,Roberts,1330,1,2,4,19,0,0,169,189.4,239.0,296.0,72.5,253,145,119,194,Midfielder,5.0,3,Budget,Differential
Ian Carlo,1.0,Poveda-Ocampo,0.1,LEE,14,3.1,Poveda,344,0,0,0,5,0,0,43,55.0,71.5,91.0,21.8,331,264,239,307,Midfielder,4.5,0,Budget,Differential
Raphael,4.4,Dias Belloli,20.5,LEE,133,20.5,Raphinha,2358,6,10,9,34,0,11,489,719.6,889.3,902.0,251.3,40,13,28,15,Midfielder,6.5,16,Mid,High
Jamie,1.3,Shackleton,0.1,LEE,17,3.8,Shackleton,454,0,0,1,11,0,0,72,52.0,45.7,18.0,11.4,332,281,307,328,Midfielder,4.5,0,Budget,Differential
Jack,4.4,Harrison,5.4,LEE,160,26.7,Harrison,2846,8,10,11,45,0,15,542,759.2,821.7,666.0,225.2,30,16,49,21,Midfielder,6.0,18,Mid,Differential
James,1.7,Milner,0.1,LIV,44,8.8,Milner,1056,0,2,4,10,0,2,204,200.0,242.0,108.0,55.2,247,144,223,228,Midfielder,5.0,2,Budget,Differential
Jordan,2.7,Henderson,0.7,LIV,56,11.2,Henderson,1704,1,2,4,23,0,2,345,358.0,262.3,108.0,72.9,184,134,224,193,Midfielder,5.0,3,Budget,Differential
Thiago,2.3,Alcántara do Nascimento,1.1,LIV,55,10.0,Thiago,1851,1,0,8,18,0,1,331,378.8,460.3,178.0,101.9,171,62,173,127,Midfielder,5.5,1,Budget,Differential
Xherdan,1.9,Shaqiri,0.2,LIV,26,4.3,Shaqiri,548,0,2,2,7,0,1,127,95.2,294.2,86.0,47.6,311,118,246,248,Midfielder,6.0,2,Mid,Differential
Alex,1.6,Oxlade-Chamberlain,0.2,LIV,21,3.5,Chamberlain,243,1,1,0,6,0,0,58,70.8,32.9,68.0,17.1,323,288,264,319,Midfielder,6.0,2,Mid,Differential
Sadio,5.0,Mané,4.1,LIV,176,14.7,Mané,2808,11,11,12,28,0,14,513,808.8,809.7,1535.0,315.5,19,17,4,4,Midfielder,12.0,22,Premium,Differential
Fabio Henrique,2.4,Tavares,0.8,LIV,71,12.9,Fabinho,2566,0,2,11,29,0,2,421,460.4,106.8,75.0,64.6,143,218,261,213,Midfielder,5.5,2,Budget,Differential
Mohamed,6.2,Salah,49.5,LIV,231,18.5,Salah,3077,22,6,11,41,0,21,657,1056.0,825.7,1980.0,385.8,4,15,1,2,Midfielder,12.5,28,Premium,High
Takumi,2.5,Minamino,0.1,LIV,48,8.7,Minamino,999,3,0,2,18,0,2,153,168.2,92.3,281.0,54.0,271,236,127,234,Midfielder,5.5,3,Budget,Differential
Naby,1.5,Keita,0.2,LIV,15,3.0,Keita,517,0,0,2,8,0,0,78,70.6,100.5,119.0,29.0,324,224,214,296,Midfielder,5.0,0,Budget,Differential
Diogo,4.5,Jota,10.4,LIV,86,11.5,Jota,1106,9,0,4,15,0,9,228,387.4,188.3,680.0,125.7,169,169,47,88,Midfielder,7.5,9,Mid,Differential
Curtis,2.1,Jones,0.1,LIV,50,10.0,Jones,1169,1,2,5,14,0,0,226,224.6,233.4,289.0,74.8,237,151,123,188,Midfielder,5.0,3,Budget,Differential
Jack,5.2,Grealish,29.9,MCI,135,16.9,Grealish,2183,6,12,12,28,0,13,531,707.4,1029.6,917.0,265.3,41,9,26,11,Midfielder,8.0,18,Mid,High
Ilkay,5.6,Gündogan,6.4,MCI,157,20.9,Gündogan,2025,13,4,12,16,0,22,620,754.6,688.4,712.0,215.7,32,28,45,24,Midfielder,7.5,17,Mid,Differential
Kevin,5.6,De Bruyne,9.2,MCI,141,11.8,De Bruyne,1995,6,12,12,17,0,19,566,760.8,1170.1,914.0,284.7,29,4,27,8,Midfielder,12.0,18,Premium,Differential
Riyad,5.4,Mahrez,6.2,MCI,145,16.1,Mahrez,1945,9,8,11,22,0,15,505,606.0,693.6,893.0,219.1,62,27,29,23,Midfielder,9.0,17,Premium,Differential
Raheem,5.0,Sterling,3.1,MCI,154,14.0,Sterling,2534,10,9,14,23,0,10,458,663.4,584.1,1366.0,260.3,55,42,8,13,Midfielder,11.0,19,Premium,Differential
Bernardo Mota,3.6,Veiga de Carvalho e Silva,2.0,MCI,94,13.4,Bernardo,2063,2,7,11,18,0,9,413,399.6,476.2,463.0,134.1,165,59,68,77,Midfielder,7.0,9,Mid,Differential
Phil,4.8,Foden,6.2,MCI,135,16.9,Foden,1607,9,8,6,16,0,17,479,580.8,545.8,734.0,186.0,77,45,41,41,Midfielder,8.0,17,Mid,Differential
Rodrigo,2.7,Hernandez,0.4,MCI,91,16.5,Rodrigo,2747,2,2,13,27,0,5,531,640.6,546.3,335.0,152.4,57,44,103,65,Midfielder,5.5,4,Budget,Differential
Ferran,4.0,Torres,2.6,MCI,95,13.6,Torres,1297,7,4,7,13,0,4,265,352.2,276.4,543.0,117.0,186,123,56,98,Midfielder,7.0,11,Mid,Differential
Fernando,3.1,Luiz Rosa,0.3,MCI,65,13.0,Fernandinho,1182,0,2,7,10,0,8,303,248.6,220.8,106.0,57.6,229,157,225,223,Midfielder,5.0,2,Budget,Differential
Nemanja,1.8,Matic,0.2,MUN,36,8.0,Matic,1101,0,1,4,18,0,0,223,218.4,149.0,80.0,44.7,240,185,252,257,Midfielder,4.5,1,Budget,Differential
Paul,3.5,Pogba,2.7,MUN,92,12.3,Pogba,1892,3,6,5,26,0,11,355,451.4,376.0,401.0,122.5,147,86,85,90,Midfielder,7.5,9,Mid,Differential
Frederico,2.3,Rodrigues de Paula Santos,0.2,MUN,69,13.8,Fred,2389,1,0,12,25,0,1,404,482.6,395.6,200.0,108.0,133,78,160,111,Midfielder,5.0,1,Budget,Differential
Jesse,6.6,Lingard,3.8,MUN,106,15.1,Lingard,1423,9,5,4,19,0,15,332,487.0,288.2,530.0,130.4,130,120,57,81,Midfielder,7.0,14,Mid,Differential
Bruno Miguel,6.6,Borges Fernandes,45.3,MUN,244,20.3,Fernandes,3101,18,14,13,36,0,36,870,1292.6,1414.9,1253.0,396.2,2,1,11,1,Midfielder,12.0,32,Premium,High
Marcus,4.7,Rashford,0.7,MUN,174,18.3,Rashford,2917,11,11,12,39,0,9,535,793.2,682.1,1127.0,260.3,21,29,14,12,Midfielder,9.5,22,Premium,Differential
Donny,1.7,van de Beek,0.2,MUN,32,5.3,van de Beek,511,1,2,0,12,0,0,133,117.0,58.4,70.0,24.5,293,272,262,302,Midfielder,6.0,3,Mid,Differential
Scott,2.8,McTominay,0.6,MUN,91,16.5,McTominay,2124,4,2,9,25,0,4,413,523.2,270.5,314.0,110.9,105,128,108,107,Midfielder,5.5,6,Budget,Differential
Daniel,2.9,James,0.2,MUN,43,7.2,James,907,3,1,4,7,0,1,145,186.0,145.7,285.0,61.5,257,187,125,220,Midfielder,6.0,4,Mid,Differential
Mason,3.4,Greenwood,4.3,MUN,106,14.1,Greenwood,1813,7,2,7,23,0,9,318,370.8,278.7,881.0,152.7,175,122,30,64,Midfielder,7.5,9,Mid,Differential
Juan,3.6,Mata,0.1,MUN,32,6.4,Mata,507,1,3,1,6,0,3,126,108.4,132.8,86.0,32.7,301,197,245,289,Midfielder,5.0,4,Budget,Differential
Jadon,0.0,Sancho,12.1,MUN,0,0.0,Sancho,0,0,0,0,0,0,0,0,0.0,0.0,0.0,0.0,492,492,492,492,Midfielder,9.5,0,Premium,Differential
Jonjo,2.5,Shelvey,0.2,NEW,74,13.5,Shelvey,2616,1,3,6,46,0,2,377,474.2,522.1,299.0,129.6,137,52,116,83,Midfielder,5.5,4,Budget,Differential
Jeff,2.4,Hendrick,0.1,NEW,52,10.4,Hendrick,1418,2,1,3,24,0,3,177,211.4,99.0,95.0,40.3,243,226,238,268,Midfielder,5.0,3,Budget,Differential
Ryan,2.2,Fraser,0.2,NEW,39,7.1,Fraser,922,0,4,4,18,0,0,154,142.8,395.0,165.0,70.1,284,79,179,201,Midfielder,5.5,4,Budget,Differential
Jacob,2.7,Murphy,0.1,NEW,69,13.8,Murphy,1617,2,3,3,33,0,7,252,363.4,280.8,289.0,93.2,180,121,122,142,Midfielder,5.0,5,Budget,Differential
Isaac,1.7,Hayden,0.2,NEW,40,8.9,Hayden,1942,0,0,4,33,0,0,211,278.0,117.7,155.0,55.3,211,207,189,226,Midfielder,4.5,0,Budget,Differential
Miguel,2.9,Almirón,0.5,NEW,97,17.6,Almirón,2426,4,2,5,48,0,8,367,452.6,447.3,425.0,132.6,146,65,79,78,Midfielder,5.5,6,Budget,Differential
Sean,1.9,Longstaff,0.3,NEW,41,9.1,S.Longstaff,1405,0,1,2,26,0,1,168,179.2,182.8,148.0,50.8,261,171,197,243,Midfielder,4.5,1,Budget,Differential
Matthew,2.0,Longstaff,0.2,NEW,10,2.2,M.Longstaff,376,0,0,1,8,0,0,47,32.6,35.6,2.0,7.0,342,285,326,339,Midfielder,4.5,0,Budget,Differential
Billy,1.6,Gilmour,8.3,NOR,8,1.8,Gilmour,259,0,0,1,2,0,0,38,36.0,50.9,8.0,9.5,340,277,318,334,Midfielder,4.5,0,Budget,Differential
Marco,0.0,Stiepermann,0.0,NOR,0,0.0,Stiepermann,0,0,0,0,0,0,0,0,0.0,0.0,0.0,0.0,440,434,430,440,Midfielder,5.0,0,Budget,Differential
Lukas,0.0,Rupp,0.1,NOR,0,0.0,Rupp,0,0,0,0,0,0,0,0,0.0,0.0,0.0,0.0,389,375,369,389,Midfielder,4.5,0,Budget,Differential
Kenny,0.0,McLean,0.1,NOR,0,0.0,McLean,0,0,0,0,0,0,0,0,0.0,0.0,0.0,0.0,441,435,431,441,Midfielder,5.0,0,Budget,Differential
Onel,0.0,Hernández,0.1,NOR,0,0.0,Hernández,0,0,0,0,0,0,0,0,0.0,0.0,0.0,0.0,444,440,435,444,Midfielder,5.0,0,Budget,Differential
Kieran,0.0,Dowell,0.1,NOR,0,0.0,Dowell,0,0,0,0,0,0,0,0,0.0,0.0,0.0,0.0,469,468,467,469,Midfielder,5.5,0,Budget,Differential
Todd,0.0,Cantwell,2.3,NOR,0,0.0,Cantwell,0,0,0,0,0,0,0,0,0.0,0.0,0.0,0.0,472,471,470,472,Midfielder,5.5,0,Budget,Differential
Przemyslaw,0.0,Placheta,0.0,NOR,0,0.0,Placheta,0,0,0,0,0,0,0,0,0.0,0.0,0.0,0.0,458,456,453,458,Midfielder,5.0,0,Budget,Differential
Josh,0.0,Martin,0.0,NOR,0,0.0,Martin,0,0,0,0,0,0,0,0,0.0,0.0,0.0,0.0,461,459,457,461,Midfielder,5.0,0,Budget,Differential
Milot,0.0,Rashica,0.3,NOR,0,0.0,Rashica,0,0,0,0,0,0,0,0,0.0,0.0,0.0,0.0,475,474,473,475,Midfielder,5.5,0,Budget,Differential
Pierre,0.0,Lees-Melou,0.1,NOR,0,0.0,Lees-Melou,0,0,0,0,0,0,0,0,0.0,0.0,0.0,0.0,452,450,447,452,Midfielder,5.0,0,Budget,Differential
Theo,3.5,Walcott,0.3,SOU,76,12.7,Walcott,1629,3,4,5,28,0,2,185,269.8,248.0,366.0,88.0,221,140,93,153,Midfielder,6.0,7,Mid,Differential
Oriol,2.5,Romeu Vidal,0.7,SOU,52,11.6,Romeu,1762,1,1,6,25,0,4,264,349.2,229.1,98.0,67.6,189,154,233,206,Midfielder,4.5,2,Budget,Differential
Nathan,2.3,Redmond,0.2,SOU,67,11.2,Redmond,1727,2,3,1,39,0,3,243,297.0,400.4,477.0,117.1,203,77,67,97,Midfielder,6.0,5,Mid,Differential
Stuart,3.5,Armstrong,0.4,SOU,115,19.2,Armstrong,2764,4,7,8,56,0,4,455,541.2,496.7,457.0,149.4,95,54,70,67,Midfielder,6.0,11,Mid,Differential
James,4.1,Ward-Prowse,4.9,SOU,156,24.0,Ward-Prowse,3420,8,7,9,68,0,17,772,940.0,971.2,355.0,226.5,7,11,96,20,Midfielder,6.5,15,Mid,Differential
Nathan,2.0,Tella,0.2,SOU,36,7.2,Tella,735,1,2,2,11,0,2,76,94.6,86.0,203.0,38.2,313,245,157,275,Midfielder,5.0,3,Budget,Differential
William,1.7,Smallbone,0.0,SOU,5,1.1,Smallbone,171,0,0,0,5,0,0,17,16.8,7.4,9.0,3.3,350,326,317,350,Midfielder,4.5,0,Budget,Differential
Ibrahima,1.4,Diallo,0.1,SOU,31,6.9,Diallo,1010,0,0,3,22,0,0,132,120.4,143.2,66.0,32.9,291,188,266,288,Midfielder,4.5,0,Budget,Differential
Moussa,1.7,Djenepo,0.1,SOU,46,8.4,Djenepo,1229,1,2,3,27,0,0,140,178.0,97.7,170.0,44.1,263,228,176,259,Midfielder,5.5,3,Budget,Differential
Moussa,1.8,Sissoko,1.4,TOT,44,9.8,Sissoko,1576,0,0,5,22,0,2,214,182.2,94.5,69.0,34.6,259,234,263,284,Midfielder,4.5,0,Budget,Differential
Erik,1.2,Lamela,0.0,TOT,28,4.7,Lamela,700,1,1,1,17,0,0,96,115.2,137.1,236.0,48.4,295,191,141,246,Midfielder,6.0,2,Mid,Differential
Heung-Min,6.2,Son,18.9,TOT,228,22.8,Son,3119,17,11,13,36,0,26,777,1052.2,1049.9,1046.0,315.2,5,8,16,5,Midfielder,10.0,28,Premium,High
Lucas,2.7,Rodrigues Moura da Silva,0.7,TOT,80,12.3,Lucas Moura,1397,3,5,4,18,0,5,238,322.4,258.4,298.0,87.7,197,137,117,154,Midfielder,6.5,8,Mid,Differential
Bamidele,2.0,Alli,1.2,TOT,30,4.6,Dele,613,0,2,3,9,0,0,101,103.4,132.1,165.0,39.9,305,199,180,270,Midfielder,6.5,2,Mid,Differential
Pierre-Emile,2.8,Højbjerg,2.9,TOT,107,21.4,Højbjerg,3420,2,4,12,45,0,6,578,728.8,308.7,146.0,118.4,38,110,198,95,Midfielder,5.0,6,Budget,Differential
Harry,1.3,Winks,1.2,TOT,19,4.2,Winks,856,0,0,1,16,0,0,124,128.2,77.6,24.0,22.8,289,255,303,304,Midfielder,4.5,0,Budget,Differential
Steven,2.6,Bergwijn,0.3,TOT,55,9.2,Bergwijn,1202,1,4,5,15,0,2,129,161.4,190.9,180.0,52.8,274,167,171,237,Midfielder,6.0,5,Mid,Differential
Giovani,1.9,Lo Celso,0.2,TOT,35,5.8,Lo Celso,939,1,1,5,10,0,0,149,169.2,222.8,155.0,54.3,268,156,190,231,Midfielder,6.0,2,Mid,Differential
Oliver,0.0,Skipp,0.3,TOT,0,0.0,Skipp,0,0,0,0,0,0,0,0,0.0,0.0,0.0,0.0,413,402,398,413,Midfielder,4.5,0,Budget,Differential
Tanguy,3.0,Ndombele,0.4,TOT,99,16.5,Ndombele,2086,3,3,12,24,0,7,407,408.0,270.8,281.0,96.2,161,127,128,137,Midfielder,6.0,6,Mid,Differential
Bryan,0.0,Gil Salvatierra,0.2,TOT,0,0.0,Bryan,0,0,0,0,0,0,0,0,0.0,0.0,0.0,0.0,487,487,487,487,Midfielder,6.0,0,Mid,Differential
Dan,0.0,Gosling,0.1,WAT,0,0.0,Gosling,0,0,0,0,0,0,0,0,0.0,0.0,0.0,0.0,438,431,427,438,Midfielder,5.0,0,Budget,Differential
Tom,0.0,Cleverley,0.1,WAT,0,0.0,Cleverley,0,0,0,0,0,0,0,0,0.0,0.0,0.0,0.0,439,432,428,439,Midfielder,5.0,0,Budget,Differential
Nathaniel,0.0,Chalobah,0.1,WAT,0,0.0,Chalobah,0,0,0,0,0,0,0,0,0.0,0.0,0.0,0.0,443,439,434,443,Midfielder,5.0,0,Budget,Differential
Will,0.0,Hughes,0.1,WAT,0,0.0,Hughes,0,0,0,0,0,0,0,0,0.0,0.0,0.0,0.0,445,441,436,445,Midfielder,5.0,0,Budget,Differential
Ken,0.0,Sema,0.1,WAT,0,0.0,Sema,0,0,0,0,0,0,0,0,0.0,0.0,0.0,0.0,466,465,464,466,Midfielder,5.5,0,Budget,Differential
Philip,0.0,Zinckernagel,0.1,WAT,0,0.0,Zinckernagel,0,0,0,0,0,0,0,0,0.0,0.0,0.0,0.0,467,466,465,467,Midfielder,5.5,0,Budget,Differential
Ayotomiwa,0.0,Dele-Bashiru,0.1,WAT,0,0.0,Dele-Bashiru,0,0,0,0,0,0,0,0,0.0,0.0,0.0,0.0,402,390,385,402,Midfielder,4.5,0,Budget,Differential
Domingos,0.0,Quina,0.1,WAT,0,0.0,Quina,0,0,0,0,0,0,0,0,0.0,0.0,0.0,0.0,414,403,399,414,Midfielder,4.5,0,Budget,Differential
Ismaila,0.0,Sarr,4.2,WAT,0,0.0,Sarr,0,0,0,0,0,0,0,0,0.0,0.0,0.0,0.0,485,485,485,485,Midfielder,6.0,0,Mid,Differential
Joseph,0.0,Hungbo,0.1,WAT,0,0.0,Hungbo,0,0,0,0,0,0,0,0,0.0,0.0,0.0,0.0,429,419,415,429,Midfielder,4.5,0,Budget,Differential
Imrân,0.0,Louza,0.1,WAT,0,0.0,Louza,0,0,0,0,0,0,0,0,0.0,0.0,0.0,0.0,481,480,479,481,Midfielder,5.5,0,Budget,Differential
Kwadwo,0.0,Baah,0.1,WAT,0,0.0,Baah,0,0,0,0,0,0,0,0,0.0,0.0,0.0,0.0,435,425,421,435,Midfielder,4.5,0,Budget,Differential
Oghenekaro Peter,0.0,Etebo,0.2,WAT,0,0.0,Etebo,0,0,0,0,0,0,0,0,0.0,0.0,0.0,0.0,417,407,403,417,Midfielder,4.5,0,Budget,Differential
Mark,1.3,Noble,0.7,WHU,27,6.0,Noble,701,0,0,0,15,0,0,132,80.4,88.6,7.0,17.6,318,242,319,318,Midfielder,4.5,0,Budget,Differential
Andriy,1.1,Yarmolenko,0.4,WHU,17,3.1,Yarmolenko,362,0,1,1,7,0,0,47,50.6,80.3,106.0,23.5,333,252,226,303,Midfielder,5.5,1,Budget,Differential
Manuel,1.6,Lanzini,0.2,WHU,28,4.7,Lanzini,556,1,1,1,5,0,0,117,121.4,153.0,102.0,37.5,290,183,230,280,Midfielder,6.0,2,Mid,Differential
Saïd,2.4,Benrahma,2.7,WHU,73,12.2,Benrahma,1376,1,6,3,19,0,4,255,301.0,371.9,371.0,104.6,201,87,91,119,Midfielder,6.0,7,Mid,Differential
Jarrod,3.7,Bowen,2.0,WHU,141,21.7,Bowen,2556,8,6,9,33,0,8,434,529.8,493.5,812.0,183.7,101,55,34,42,Midfielder,6.5,14,Mid,Differential
Declan,2.7,Rice,4.3,WHU,86,17.2,Rice,2880,2,1,11,37,0,2,520,561.2,343.8,303.0,121.3,85,100,113,92,Midfielder,5.0,3,Budget,Differential
Tomas,3.9,Soucek,11.3,WHU,147,24.5,Soucek,3420,10,2,11,47,0,16,555,889.8,271.1,925.0,208.8,8,126,24,28,Midfielder,6.0,12,Mid,Differential
Pablo,3.8,Fornals,0.5,WHU,125,20.8,Fornals,2571,5,7,9,33,0,10,430,491.8,441.3,631.0,156.5,127,67,51,59,Midfielder,6.0,12,Mid,Differential
João Filipe Iria,2.2,Santos Moutinho,0.4,WOL,73,14.6,Moutinho,2526,1,1,6,40,0,4,446,478.4,726.9,113.0,132.2,134,22,221,79,Midfielder,5.0,2,Budget,Differential
Leander,2.3,Dendoncker,0.2,WOL,77,15.4,Dendoncker,2498,1,2,11,33,0,2,330,386.4,261.4,343.0,99.2,170,136,100,131,Midfielder,5.0,3,Budget,Differential
Adama,2.5,Traoré,1.0,WOL,94,15.7,Traoré,2640,2,4,7,41,0,5,359,475.4,751.0,645.0,187.2,136,21,50,40,Midfielder,6.0,6,Mid,Differential
Rúben Diogo,2.9,da Silva Neves,1.5,WOL,104,18.9,Neves,2670,5,1,8,42,0,10,502,697.2,455.0,445.0,159.9,45,63,74,57,Midfielder,5.5,6,Budget,Differential
Daniel,3.1,Castelo Podence,0.0,WOL,75,13.6,Podence,1661,3,2,8,24,0,5,240,285.6,322.0,456.0,106.2,208,105,71,116,Midfielder,5.5,5,Budget,Differential
Morgan,2.0,Gibbs-White,0.7,WOL,22,4.9,Gibbs-White,407,1,0,0,6,0,3,87,85.0,112.8,114.0,31.3,314,212,220,292,Midfielder,4.5,1,Budget,Differential
Pedro,4.0,Lomba Neto,0.1,WOL,124,19.1,Neto,2549,5,8,9,38,0,10,492,594.2,1007.3,722.0,232.5,68,10,44,18,Midfielder,6.5,13,Mid,Differential
Owen,1.5,Otasowie,0.3,WOL,9,2.0,Otasowie,185,0,1,0,6,0,0,33,38.2,25.9,34.0,9.8,338,299,290,333,Midfielder,4.5,1,Budget,Differential
Francisco,0.0,Machado Mota de Castro Trincão,0.5,WOL,0,0.0,Trincão,0,0,0,0,0,0,0,0,0.0,0.0,0.0,0.0,484,483,483,484,Midfielder,6.0,0,Mid,Differential
Pierre-Emerick,4.5,Aubameyang,3.9,ARS,131,13.1,Aubameyang,2330,10,3,10,26,0,11,358,493.8,361.5,823.0,167.4,125,90,32,50,Forward,10.0,13,Premium,Differential
Alexandre,4.2,Lacazette,4.5,ARS,129,15.2,Lacazette,1916,13,3,7,21,0,21,452,602.4,307.4,797.0,170.4,64,113,36,48,Forward,8.5,16,Mid,Differential
Edward,2.1,Nketiah,0.5,ARS,36,6.5,Nketiah,411,2,1,1,6,0,5,120,116.6,97.3,211.0,42.1,294,231,155,262,Forward,5.5,3,Budget,Differential
Ollie,4.5,Watkins,24.6,AVL,168,22.4,Watkins,3328,14,9,14,46,0,18,531,815.4,610.4,1721.0,314.0,17,38,2,6,Forward,7.5,23,Mid,High
Wesley,1.0,Moraes,0.2,AVL,3,0.5,Wesley,15,0,0,0,1,0,0,11,5.0,1.1,17.0,2.3,358,334,308,355,Forward,5.5,0,Budget,Differential
Mbwana Ally,0.0,Samatta,0.0,AVL,0,0.0,Samatta,0,0,0,0,0,0,0,0,0.0,0.0,0.0,0.0,477,476,475,477,Forward,5.5,0,Budget,Differential
Keinan,1.5,Davis,7.8,AVL,23,5.1,Davis,265,1,1,1,1,0,0,85,77.2,76.7,169.0,31.7,320,258,178,291,Forward,4.5,2,Budget,Differential
Danny,4.5,Ings,16.4,AVL,131,16.4,Ings,2172,12,4,6,40,0,21,464,634.6,300.7,866.0,178.4,58,115,31,43,Forward,8.0,16,Mid,High
Ivan,0.0,Toney,29.9,BRE,0,0.0,Toney,0,0,0,0,0,0,0,0,0.0,0.0,0.0,0.0,488,488,488,488,Forward,6.5,0,Mid,High
Marcus,0.0,Forss,0.2,BRE,0,0.0,Forss,0,0,0,0,0,0,0,0,0.0,0.0,0.0,0.0,476,475,474,476,Forward,5.5,0,Budget,Differential
Halil,0.0,Dervişoğlu,0.1,BRE,0,0.0,Dervişoğlu,0,0,0,0,0,0,0,0,0.0,0.0,0.0,0.0,478,477,476,478,Forward,5.5,0,Budget,Differential
Neal,3.2,Maupay,2.3,BHA,105,16.2,Maupay,2508,8,2,10,34,0,12,334,442.2,443.2,1103.0,198.5,151,66,15,35,Forward,6.5,10,Mid,Differential
Aaron,2.2,Connolly,0.2,BHA,38,6.9,Connolly,783,2,1,1,17,0,2,95,104.2,74.1,307.0,48.2,304,261,111,247,Forward,5.5,3,Budget,Differential
Danny,3.7,Welbeck,0.7,BHA,89,14.8,Welbeck,1541,6,4,6,18,0,15,286,319.8,269.7,595.0,117.7,198,129,54,96,Forward,6.0,10,Mid,Differential
Jay,1.7,Rodriguez,0.8,BUR,54,9.8,Rodriguez,1248,1,3,4,25,0,2,125,149.8,97.4,449.0,68.9,281,229,73,202,Forward,5.5,4,Budget,Differential
Ashley,2.4,Barnes,1.9,BUR,52,9.5,Barnes,1324,3,0,6,19,0,7,107,153.8,243.6,548.0,93.8,279,142,55,141,Forward,5.5,3,Budget,Differential
Chris,4.2,Wood,2.9,BUR,138,19.7,Wood,2741,12,3,9,43,0,16,395,595.8,323.2,1129.0,204.0,66,104,13,30,Forward,7.0,15,Mid,Differential
Matej,2.2,Vydra,0.9,BUR,62,11.3,Vydra,1359,3,2,3,24,0,2,194,197.4,194.0,491.0,87.3,249,166,63,157,Forward,5.5,5,Budget,Differential
Olivier,2.8,Giroud,0.1,CHE,47,7.2,Giroud,740,4,0,4,5,0,6,139,161.4,112.0,403.0,67.2,275,214,83,209,Forward,6.5,4,Mid,Differential
Michy,2.3,Batshuayi,0.2,CHE,41,7.5,Batshuayi,717,2,2,2,15,0,2,113,132.8,113.5,210.0,45.5,287,211,156,254,Forward,5.5,4,Budget,Differential
Timo,3.7,Werner,6.1,CHE,128,14.2,Werner,2598,6,12,13,29,0,7,394,514.8,532.4,1276.0,232.5,111,50,10,19,Forward,9.0,18,Premium,Differential
Tammy,3.1,Abraham,1.0,CHE,69,10.6,Abraham,1031,6,2,5,12,0,8,224,277.2,121.6,483.0,86.6,212,204,64,162,Forward,6.5,8,Mid,Differential
Christian,3.5,Benteke,1.3,CRY,106,16.3,Benteke,1808,10,2,5,34,0,14,338,512.6,236.5,1030.0,177.7,113,147,18,44,Forward,6.5,12,Mid,Differential
Jordan,2.1,Ayew,0.7,CRY,70,11.7,Ayew,2086,1,4,6,42,0,2,216,278.6,238.6,451.0,96.6,210,146,72,135,Forward,6.0,5,Mid,Differential
Jean-Philippe,2.1,Mateta,0.1,CRY,15,2.7,Mateta,215,1,0,0,4,0,2,45,46.6,16.2,80.0,14.0,334,308,255,324,Forward,5.5,1,Budget,Differential
Dominic,5.0,Calvert-Lewin,23.6,EVE,165,20.6,Calvert-Lewin,2871,16,6,11,39,0,21,528,745.8,308.0,1439.0,249.0,34,111,6,16,Forward,8.0,22,Mid,High
Richarlison,3.6,de Andrade,6.8,EVE,123,16.4,Richarlison,2862,7,6,11,38,0,18,415,576.4,359.7,1147.0,208.3,81,91,12,29,Forward,7.5,13,Mid,Differential
Jamie,5.5,Vardy,10.9,LEI,187,17.8,Vardy,2838,15,14,8,44,0,23,649,819.2,356.6,1306.0,248.3,16,93,9,17,Forward,10.5,29,Premium,Differential
Kelechi,4.4,Iheanacho,13.7,LEI,110,14.7,Iheanacho,1452,12,2,5,23,0,18,424,540.2,413.9,814.0,176.5,96,72,33,45,Forward,7.5,14,Mid,Differential
Patson,0.0,Daka,2.2,LEI,0,0.0,Daka,0,0,0,0,0,0,0,0,0.0,0.0,0.0,0.0,491,491,491,491,Forward,7.5,0,Mid,Differential
Rodrigo,3.4,Moreno,1.8,LEE,89,13.7,Rodrigo,1279,7,4,3,21,0,16,341,398.4,409.7,617.0,142.4,166,76,52,75,Forward,6.5,11,Mid,Differential
Patrick,5.1,Bamford,18.9,LEE,194,24.2,Bamford,3052,17,11,10,50,0,26,631,867.2,371.0,1512.0,274.6,11,88,5,10,Forward,8.0,28,Mid,High
Roberto,3.9,Firmino,5.1,LIV,141,15.7,Firmino,2837,9,8,10,39,0,15,615,729.4,643.2,1415.0,278.8,37,37,7,9,Forward,9.0,17,Premium,Differential
Divock,1.1,Origi,1.2,LIV,10,2.0,Origi,180,0,0,1,0,0,0,23,17.8,33.2,60.0,11.1,349,287,276,330,Forward,5.0,0,Budget,Differential
Gabriel Fernando,4.0,de Jesus,3.3,MCI,115,13.5,Jesus,2056,9,5,11,17,0,16,453,501.0,467.5,931.0,190.0,119,61,23,39,Forward,8.5,14,Mid,Differential
Edinson,3.8,Cavani,14.6,MUN,99,11.6,Cavani,1364,10,4,4,18,0,14,367,443.4,203.3,513.0,115.0,150,160,61,100,Forward,8.5,14,Mid,Differential
Anthony,3.4,Martial,1.1,MUN,75,9.4,Martial,1477,4,7,4,23,0,3,238,297.6,265.4,709.0,126.8,202,132,46,86,Forward,8.0,11,Mid,Differential
Callum,5.2,Wilson,5.9,NEW,134,17.9,Wilson,2081,12,6,5,37,0,22,409,557.4,230.4,761.0,154.7,88,153,38,62,Forward,7.5,18,Mid,Differential
Dwight,1.7,Gayle,0.2,NEW,31,5.6,Gayle,501,1,1,0,9,0,3,79,79.6,89.4,263.0,42.4,319,241,134,261,Forward,5.5,2,Budget,Differential
Allan,3.4,Saint-Maximin,4.6,NEW,85,13.1,Saint-Maximin,1554,3,5,7,26,0,5,278,376.0,394.2,418.0,118.9,173,80,80,94,Forward,6.5,8,Mid,Differential
Joelinton Cássio,2.4,Apolinário de Lira,0.7,NEW,74,12.3,Joelinton,1979,4,2,3,36,0,5,258,357.0,250.1,612.0,122.2,185,138,53,91,Forward,6.0,6,Mid,Differential
Teemu,0.0,Pukki,8.6,NOR,0,0.0,Pukki,0,0,0,0,0,0,0,0,0.0,0.0,0.0,0.0,483,482,481,483,Forward,6.0,0,Mid,Differential
Jordan,0.0,Hugill,0.1,NOR,0,0.0,Hugill,0,0,0,0,0,0,0,0,0.0,0.0,0.0,0.0,468,467,466,468,Forward,5.5,0,Budget,Differential
Adam,0.0,Idah,0.7,NOR,0,0.0,Idah,0,0,0,0,0,0,0,0,0.0,0.0,0.0,0.0,459,457,454,459,Forward,5.0,0,Budget,Differential
Daniel,1.0,N'Lundulu,0.2,SOU,13,2.9,Nlundulu,102,0,0,0,1,0,0,32,3.2,12.2,16.0,3.1,359,311,311,351,Forward,4.5,0,Budget,Differential
Che,3.8,Adams,1.8,SOU,137,19.6,Adams,2662,9,7,7,51,0,16,443,581.8,488.6,964.0,203.4,76,57,21,31,Forward,7.0,16,Mid,Differential
Michael,1.0,Obafemi,8.4,SOU,4,0.9,Obafemi,57,0,0,0,2,0,0,12,5.6,10.8,4.0,2.0,357,315,323,356,Forward,4.5,0,Budget,Differential
Harry,6.9,Kane,23.1,TOT,242,19.4,Kane,3083,23,14,12,39,0,40,880,1318.2,659.1,1585.0,355.9,1,33,3,3,Forward,12.5,37,Premium,High
Troy,0.0,Deeney,3.5,WAT,0,0.0,Deeney,0,0,0,0,0,0,0,0,0.0,0.0,0.0,0.0,463,462,460,463,Forward,5.5,0,Budget,Differential
Andre,0.0,Gray,0.3,WAT,0,0.0,Gray,0,0,0,0,0,0,0,0,0.0,0.0,0.0,0.0,464,463,461,464,Forward,5.5,0,Budget,Differential
Stipe,0.0,Perica,4.2,WAT,0,0.0,Perica,0,0,0,0,0,0,0,0,0.0,0.0,0.0,0.0,397,384,378,397,Forward,4.5,0,Budget,Differential
Isaac,0.0,Success Ajayi,0.8,WAT,0,0.0,Success,0,0,0,0,0,0,0,0,0.0,0.0,0.0,0.0,448,446,443,448,Forward,5.0,0,Budget,Differential
Ashley,0.0,Fletcher,0.4,WAT,0,0.0,Fletcher,0,0,0,0,0,0,0,0,0.0,0.0,0.0,0.0,449,447,444,449,Forward,5.0,0,Budget,Differential
João Pedro,0.0,Junqueira de Jesus,1.0,WAT,0,0.0,João Pedro,0,0,0,0,0,0,0,0,0.0,0.0,0.0,0.0,482,481,480,482,Forward,5.5,0,Budget,Differential
Emmanuel,0.0,Dennis,0.5,WAT,0,0.0,Dennis,0,0,0,0,0,0,0,0,0.0,0.0,0.0,0.0,454,452,449,454,Forward,5.0,0,Budget,Differential
Joshua,1.0,King,1.2,WAT,11,2.0,King,138,0,0,0,2,0,0,18,13.4,5.6,31.0,5.0,355,328,294,347,Forward,5.5,0,Budget,Differential
Adedapo,0.0,Awokoya-Mebude,1.2,WAT,0,0.0,Mebude,0,0,0,0,0,0,0,0,0.0,0.0,0.0,0.0,428,418,414,428,Forward,4.5,0,Budget,Differential
Juan Camilo,0.0,Hernández Suárez,0.3,WAT,0,0.0,Cucho,0,0,0,0,0,0,0,0,0.0,0.0,0.0,0.0,456,454,451,456,Forward,5.0,0,Budget,Differential
Michail,4.5,Antonio,16.9,WHU,118,15.7,Antonio,1972,10,5,6,25,0,19,345,517.8,349.1,1038.0,190.1,109,98,17,38,Forward,7.5,15,Mid,High
Raúl,4.3,Jiménez,3.7,WOL,43,5.7,Jiménez,824,4,1,4,10,0,7,148,177.4,96.2,275.0,55.0,264,233,132,229,Forward,7.5,5,Mid,Differential
Fabio,2.2,Silva,1.0,WOL,72,12.0,Fabio Silva,1352,4,3,0,29,0,5,198,238.2,166.1,758.0,114.9,232,176,40,102,Forward,6.0,7,Mid,Differential
